configuration,suite,model,seeds,n_train_trials,n_test_trials,parameters,ap_mean,ap_seed_sd,f1_mean,f1_seed_sd,precision_mean,precision_seed_sd,recall_mean,recall_seed_sd,event_f1_mean,event_f1_seed_sd,event_recall_mean,event_recall_seed_sd,event_miss_fraction_mean,event_miss_fraction_seed_sd,false_alarms_per_min_mean,false_alarms_per_min_seed_sd,negative_alarm_time_fraction_mean,negative_alarm_time_fraction_seed_sd,alarm_time_fraction_mean,alarm_time_fraction_seed_sd,training_seconds_mean,training_seconds_seed_sd,all_matched_nonnegative_delays_median_mean,all_matched_nonnegative_delays_median_seed_sd,observed_onset_nonnegative_delays_median_mean,observed_onset_nonnegative_delays_median_seed_sd,observed_onset_signed_differences_median_mean,observed_onset_signed_differences_median_seed_sd,matched_temporal_ious_median_mean,matched_temporal_ious_median_seed_sd
held_trial_low,held_trial,mlp,5,18,18,20915,0.525795245430696,0.07850557768959121,0.5410650806615294,0.027560012975436626,0.4618940540244208,0.031129060850209184,0.65426944971537,0.03100123005611441,0.5698940187672582,0.036951298334173405,0.51,0.033541019662496875,0.48999999999999994,0.033541019662496854,2.831006589847824,0.45216594140354294,0.3219969578644632,0.03609152207806161,0.4203654508071882,0.026495797647043507,1.5782363600097598,0.05239696187264064,0.0,0.0,0.0,0.0,-0.5064797401428223,0.07204797375875564,0.22238642336353767,0.03538249982509789
held_trial_low,held_trial,tcn,5,18,18,20905,0.5508048727750505,0.07360428476793979,0.5742010202310283,0.033321393609277015,0.4198200611544446,0.04507538585840165,0.9212523719165086,0.050749036952541085,0.5645698626520544,0.03640008375624204,0.5349999999999999,0.051841103383319286,0.465,0.051841103383319306,3.690419304623056,1.7566952338398898,0.5484664195408703,0.13226814714989935,0.6588366897674093,0.10778194451716311,2.3750496799941176,0.143210983880713,0.0,0.0,0.0,0.0,-0.2066572427749634,0.26259497189154163,0.3735631343184197,0.08594849761499908
held_trial_low,held_trial,gru,5,18,18,20641,0.6149467365984453,0.03220490774444489,0.5611096033751617,0.025778118068036898,0.4478629635627856,0.058238493784865564,0.7804554079696394,0.11985592422452715,0.45677856053589305,0.034300019590691254,0.445,0.05700877125495691,0.555,0.0570087712549569,5.30813735596467,3.192296349767949,0.42380045501933594,0.14918923673120024,0.5293785520060641,0.13870671304526594,1.5868679599952884,0.051269106440501484,0.0,0.0,0.0,0.0,-0.49668638706207274,0.21554733916384636,0.29641920787216464,0.06798142389489112
held_trial_low,held_trial,mamba,5,18,18,21013,0.5514459698314349,0.05411425355925232,0.5658465628325098,0.027470150672251118,0.4161700145029239,0.037789044366242364,0.8992409867172675,0.09387013538589858,0.5572983843006727,0.06455819498226549,0.49000000000000005,0.04541475531146239,0.51,0.0454147553114624,2.7804529007433993,1.3255289110091095,0.5418108754688877,0.13592550335075335,0.6476377423296563,0.12089992557152293,6.689772979996633,0.1650714811473578,0.0,0.0,0.0,0.0,-0.6596124172210693,0.049249500418340565,0.2300424458481282,0.024845459505176772
held_trial_full,held_trial,mlp,5,54,18,20915,0.49619929845490895,0.025983615933807956,0.527552595655553,0.033680958968637216,0.3994471171450715,0.03451893376698509,0.779696394686907,0.03459031806246079,0.5563843608378995,0.02794263842449883,0.48,0.048088460154178385,0.52,0.04808846015417835,2.4771307661168462,1.0483036093082807,0.4974087508087234,0.07100571180099405,0.5809915204603013,0.050764551936027344,1.2991661000065506,0.05716820909022061,0.0,0.0,0.0,0.0,-0.6564980268478393,0.030076500238995947,0.24455816130478789,0.027430321067507726
held_trial_full,held_trial,tcn,5,54,18,20905,0.5667601054879714,0.05891801669371701,0.57018724719516,0.0525259662976335,0.4702269722808722,0.10337591210058995,0.7662239089184061,0.10242637476788276,0.6297817227812252,0.04761538274529512,0.61,0.05477225575051661,0.39,0.05477225575051661,3.336543480892078,1.230543669734902,0.40325466792993925,0.19616443330539315,0.510699533720816,0.16688724459222265,2.1511314600124023,0.054733531127911114,0.026732873916625977,0.04339458442953441,0.03333101272583008,0.04248198229796409,-0.016696238517761232,0.10478424027210803,0.3772214796035801,0.06558561505241517
held_trial_full,held_trial,gru,5,54,18,20641,0.5397528126828117,0.038988358433951056,0.5337727969501561,0.015373316504496139,0.4591440495507778,0.025335002000818358,0.6475332068311195,0.0825706347616857,0.5893621149648315,0.04379029005572071,0.44000000000000006,0.0518411033833193,0.56,0.05184110338331929,0.5055368910442544,0.39966200423505543,0.3253090647450636,0.07010511534087242,0.42068335690928327,0.07362548379276217,1.482615020009689,0.018299421584880304,0.06002504825592041,0.08945608579971952,0.06004929542541504,0.08950334784794642,-0.0599043607711792,0.20740858020711306,0.29727328075845394,0.03808416403173084
held_trial_full,held_trial,mamba,5,54,18,21013,0.5505810638201953,0.036761088370158415,0.5928352354673715,0.04910666527044034,0.4605574191603609,0.06342166403787905,0.852561669829222,0.09295939940968434,0.6198937791868795,0.03939163342992717,0.5800000000000001,0.06224949798994367,0.42000000000000004,0.06224949798994367,2.932113968056675,1.066431239939909,0.43949289077268683,0.163892137019749,0.5617696068790202,0.13804215031780734,6.52560196002014,0.40919041630863356,0.007394838333129883,0.016535361195499653,0.020247006416320802,0.02231791059180966,-0.27638375759124756,0.37935800457582697,0.336644810076313,0.13739450761857044
loo_SpoolSolder,loo,gru,5,48,30,20641,0.2907873055046493,0.030301344141690136,0.40941088698187517,0.028649640198975396,0.293042320967246,0.04661257968438332,0.7249924630690383,0.14262667984559563,0.4993935985431732,0.027683900738018335,0.49333333333333335,0.07416198487095663,0.5066666666666667,0.07416198487095664,3.3638794384449233,1.5584074923568834,0.5054567160631315,0.209047571840841,0.5523820400084378,0.1941667742828958,1.598920499999076,0.09445691630585812,0.0,0.0,0.0,0.0,-0.5099556922912598,0.32941806476292573,0.17092660694520787,0.06336342862311647
loo_SpoolSolder,loo,mamba,5,48,30,21013,0.32446379072617304,0.02214713584270261,0.35170634210028007,0.04337259512226492,0.2593244854666773,0.030657529494878762,0.670545673801628,0.28090119651753187,0.5086355528248367,0.12368718736647377,0.5533333333333333,0.11389566375513258,0.44666666666666666,0.11389566375513256,4.500638696953898,1.8439326118727053,0.552161889598384,0.27643428764863776,0.5774676538449295,0.27680902509418037,6.323671620001551,0.3344073273074849,0.03332433700561523,0.07451548284966746,0.03332433700561523,0.07451548284966746,-0.8867569446563721,0.8749242883191435,0.18350757148212163,0.035001089584704013
loo_brush,loo,gru,5,48,30,20641,0.3117151585345731,0.05702633218116526,0.3084571653876191,0.1206906025631363,0.3281743673318148,0.096926135785522,0.372807613868117,0.2244245138311065,0.36808888413444174,0.15258228777201005,0.2941176470588235,0.1586903338846926,0.7058823529411764,0.1586903338846926,3.120941650463029,3.6780650078832386,0.22450896164760334,0.16127831990466868,0.25603001370775874,0.17372980496738422,1.5262300199945458,0.03323611464925345,0.07996416091918945,0.17880529957903968,0.07996416091918945,0.17880529957903968,-0.08340320587158204,0.3056577551316535,0.33346948941913934,0.11783187986297632
loo_brush,loo,mamba,5,48,30,21013,0.31061784959087224,0.05518184941975256,0.40435360123884445,0.038288178437527104,0.29742560074785984,0.021428565678946278,0.6460910944935417,0.13599982476683137,0.6151699765962377,0.05069658881911839,0.7294117647058824,0.11297929639912108,0.27058823529411763,0.11297929639912105,8.426542456250179,2.16506540387757,0.4125177269004309,0.08319025090719011,0.4621582688540011,0.09144893781458717,6.676467799989041,0.1700280937779714,0.0266904354095459,0.04351506541699012,0.023342013359069824,0.04348272561242429,-0.10989763736724853,0.2294880701531554,0.29329773130929393,0.08611291982278198
loo_screwDriver,loo,gru,5,48,30,20641,0.5087377071148138,0.04495514944395825,0.5658145689766337,0.011238335747975937,0.4228475035675171,0.01105180285470902,0.8564585787200629,0.04018865914733249,0.43853414118058814,0.06045578433828972,0.3100775193798449,0.025710269692677517,0.6899224806201549,0.025710269692677524,1.7266271312988877,1.8746274171926955,0.5769423378103646,0.042314163596919065,0.6692336244693515,0.03989513827483479,1.5538194600027055,0.05145001827012145,0.0,0.0,0.0,0.0,-0.46687817573547363,0.19294268572854922,0.20416512791999947,0.030871756018728467
loo_screwDriver,loo,mamba,5,48,30,21013,0.4463140106924112,0.029764873155110276,0.5496329739010195,0.010856124704593297,0.40865659247260017,0.039484768861951645,0.8793089909697684,0.15797438253265003,0.42002803943230893,0.08188468167345678,0.31162790697674414,0.10068570863017469,0.6883720930232557,0.10068570863017472,2.169950313659413,1.279586528489483,0.6472549485546575,0.18379718222492572,0.7238790356226911,0.1751374235724952,6.364486999984365,0.2845499497884189,0.0699293851852417,0.15636685889896715,0.0699293851852417,0.15636685889896715,-0.43040854930877687,0.4407168361125296,0.17845549822192586,0.010030565105392299
