rate,lag,n_train,model,seeds,parameters,ap_mean,ap_seed_sd,query_ap_mean,query_ap_seed_sd,f1_mean,f1_seed_sd,event_f1_mean,event_f1_seed_sd,event_recall_mean,event_recall_seed_sd,false_alarms_per_min_mean,false_alarms_per_min_seed_sd,key_shuffled_ap_mean,key_shuffled_ap_seed_sd,key_shuffled_query_ap_mean,key_shuffled_query_ap_seed_sd,seconds_mean,seconds_seed_sd
0.01,2,64,mlp,5,19443,0.47275859511451995,0.020334499452538263,0.47275859511451995,0.020334499452538294,0.6359949941393275,0.003850676055317049,0.6371456175236904,0.003471297231187397,0.992491467576792,0.01116411415276183,12.04833984375,0.10029099563693228,0.4784173968077329,0.01813174074520594,0.4784173968077329,0.018131740745205963,1.3369909200002439,0.027651192985871455
0.01,2,64,tcn,5,19111,0.9917150341191785,0.011255654226645134,0.9928201275852416,0.009437287215230124,0.9626047115671895,0.027971977475567178,0.9635197996695324,0.02650004120766925,0.9638225255972698,0.0455091011625482,0.38818359375,0.29365459272552913,0.352128979986238,0.027587269925766853,0.4877474255736062,0.0042072223403561764,2.2806986600160597,0.06752175825769195
0.01,2,64,gru,5,19169,0.9977137377427845,0.002465783147382353,0.9977240505582102,0.002454138582517596,0.9799257044496501,0.009751730028204997,0.9874745585236402,0.008895665256941968,0.9877133105802047,0.006199966595421452,0.13916015625,0.2515951763278955,0.44913634425157617,0.024435594344873565,0.4836229027372553,0.01868190376995938,1.5930175999877974,0.03429641305869299
0.01,2,64,mamba,5,19449,0.9479994464963865,0.05726375314846946,0.9633146510160131,0.03930205573951092,0.9175017360457755,0.06125598011868787,0.918519672573653,0.05933090617330205,0.9262798634812286,0.052519819963607745,0.9814453125,0.7403441174165554,0.3733149887129654,0.06510427510432379,0.491233918905596,0.018711578115050267,6.785541179997381,0.7738862342692518
0.01,2,256,mlp,5,19443,0.46756330940400287,0.019044044596389507,0.46756330940400287,0.019044044596389524,0.6383247742159589,0.0026932960156133413,0.6389307414220424,0.0026969667713982784,0.9959044368600682,0.005608080793568243,12.03369140625,0.08430808911050784,0.46525889385517905,0.017377909387370407,0.46525889385517916,0.01737790938737043,1.2333078200230374,0.01645457034526294
0.01,2,256,tcn,5,19111,0.99999333328395,1.4907230274295297e-05,0.99999333328395,1.4907230274332534e-05,0.9959987610841508,0.0025285281167794203,0.9962485457649246,0.0022140812966333226,0.9965870307167236,0.004826667448372351,0.0439453125,0.06017459738215936,0.3497794792405228,0.02171026927949797,0.4911802464639627,0.01059564258360141,2.2148462600074708,0.0850945680252209
0.01,2,256,gru,5,19169,0.9990473130566484,0.0018522298391830238,0.9990473130566484,0.0018522298391830544,0.9916600403580192,0.008533352758674735,0.9955165479607437,0.005941383482979871,0.9918088737201366,0.012210610116039789,0.00732421875,0.016377451007078537,0.4595796041825412,0.01613344844810259,0.477745540060267,0.009380526930769278,1.4650390599970706,0.022154395807613664
0.01,2,256,mamba,5,19449,0.9999573631702642,7.181527114147668e-05,0.999988903605102,1.3608392238877311e-05,0.9959977240666408,0.0014911740677204849,0.996243929876416,0.002226447386964303,0.9959044368600682,0.0044499675120837304,0.03662109375,0.04485149675506307,0.39793646109518815,0.09876312660678661,0.4806278364932764,0.011554695403101136,7.096349240001291,0.4844876975755029
0.01,64,64,mlp,5,19443,0.5109593802064453,0.026830832824470564,0.5110589804998377,0.026669060551609263,0.6709689490161599,0.0035056091041646815,0.6775705215560126,0.0038369209316190898,0.9869969040247678,0.008013733192287792,10.95703125,0.054317860012907684,0.5080043518914262,0.02256689326074336,0.5080053254116754,0.02256534744290409,1.3362640800070948,0.10639036348310632
0.01,64,64,tcn,5,19111,0.452338896212871,0.04085095591942649,0.5011044134638294,0.01085029905210301,0.5651728869060738,0.04515196362695895,0.5709090954806803,0.046778936670751406,0.7287925696594426,0.0993031341014462,9.64599609375,0.7253380579227724,0.4587933478275856,0.03474230754915923,0.5068590368610855,0.006731883807233485,2.109751979983412,0.048399242124007036
0.01,64,64,gru,5,19169,0.499651373253161,0.02451472931604796,0.5023316846238108,0.023893857241223383,0.6575650280931511,0.014426784258606934,0.6658540667875623,0.014046045852772419,0.9547987616099072,0.04040218022974567,10.78857421875,0.2747802463228135,0.5028038201118233,0.021165471980401453,0.5059813624994595,0.020995209158894943,1.4644688399974257,0.03991708546741069
0.01,64,64,mamba,5,19449,0.4856096285567856,0.048362136869108535,0.5071425167833234,0.03413030316753102,0.6326621607046727,0.02048821173714855,0.6386936678232044,0.021306464664574146,0.860061919504644,0.05107890024431044,9.83642578125,0.5182887543073761,0.4789390535055745,0.03636841230637297,0.5034748375941991,0.02546816955072281,6.501047179987654,0.3881181274128688
0.01,64,256,mlp,5,19443,0.530227742496684,0.02564965829224411,0.530227742496684,0.02564965829224409,0.6644388963655808,0.010550691694365195,0.6711760170713439,0.011097882340813754,0.9609907120743035,0.04441402808775061,10.6640625,0.5290449042416348,0.5220632414972457,0.020661403081675123,0.5220632414972457,0.02066140308167517,1.0864373399992473,0.036565832137892856
0.01,64,256,tcn,5,19111,0.5033866723758397,0.01153634339501047,0.5149034783918862,0.01152208837302713,0.6403784223681998,0.029465571540421513,0.6480370688779183,0.0294832515238816,0.8996904024767801,0.08678676293791822,10.3125,0.7056572139607212,0.5043919657895743,0.01214663785197102,0.5158225703204387,0.012226514475972367,2.28194888002472,0.1325907906835917
0.01,64,256,gru,5,19169,0.5182685654242755,0.018193373235152504,0.5182685654242756,0.018193373235152497,0.669267981853366,0.006367573967611291,0.6735731026115783,0.00780729291239853,0.9789473684210526,0.019751254374906,10.9716796875,0.08819527279388888,0.5215136567624865,0.0204221740505547,0.5215136567624866,0.020422174050554714,1.4666735000093467,0.09737950385449262
0.01,64,256,mamba,5,19449,0.5092626633188562,0.014582088256829698,0.5094622411839052,0.014449296253731345,0.6689775269345148,0.006829460592070576,0.6757299399080947,0.007184016387905657,0.9777089783281735,0.022152995442722364,10.83251953125,0.17059298875271653,0.5171231928960858,0.01606474070195354,0.5173748817654765,0.016306595395214667,6.4058530000038445,0.28694699133400803
0.2,2,64,mlp,5,19443,0.504407221846358,0.004013707179730441,0.504407221846358,0.004013707179730456,0.669355239906099,0.0008300205317832641,0.7456212369859365,0.0015741441624786527,0.931722169362512,0.0023706811040757063,109.2041015625,0.24837634215546636,0.5037660066698185,0.003886019477159264,0.5037660066698185,0.0038860194771593057,1.2342246799962595,0.05050842369571166
0.2,2,64,tcn,5,19111,0.9999999818099579,4.0674170985112776e-08,0.9999999818099579,4.0674170985112776e-08,0.9998190045197406,0.00017364874940619006,0.9998477278093295,0.0001443580133203575,0.9997335870599429,0.0003184243678531424,0.00732421875,0.016377451007078537,0.4196268866039833,0.005342097734113095,0.505461827846778,0.0012469968647363344,2.1880827800021505,0.22303423668142702
0.2,2,64,gru,5,19169,0.9999998636527933,3.0488162287875785e-07,0.9999998636527933,3.0488162287875785e-07,0.999728472650639,0.00023005693070859943,0.9996953831250032,0.00028087512808344466,0.9994291151284491,0.00057088487155089,0.00732421875,0.016377451007078537,0.41354872061364106,0.011983972379918148,0.5027676407581195,0.0022738219131999884,1.4706348799867555,0.017359708498160636
0.2,2,64,mamba,5,19449,0.9999986491923922,1.889884435008327e-06,0.9999987531525694,1.8569020955907359e-06,0.9994571248525185,0.00024673718819110784,0.9995433934169338,0.0002883555726150299,0.9996194100856328,0.0002330627728623744,0.1025390625,0.11979072681003022,0.44085040551325133,0.0227868099238496,0.5034221898421638,0.004532570570910866,6.81693320000777,0.18182409032503274
0.2,2,256,mlp,5,19443,0.5037701155706675,0.005166586592207981,0.5037701155706676,0.005166586592208005,0.6697716582482401,0.00011474275033987256,0.7462809276395233,0.00010395370441764737,0.93267364414843,0.0001592121839265762,109.0869140625,0.030639405268581867,0.5041045712026333,0.005219066427080225,0.5041045712026333,0.005219066427080252,1.290986720006913,0.023876009995815167
0.2,2,256,tcn,5,19111,1.0,5.551115123125783e-17,1.0,5.551115123125783e-17,0.9999396795475108,6.308633809026314e-05,0.9999619373870017,5.21193793419895e-05,0.9999238820171266,0.00010422884062893195,0.0,0.0,0.4176745924074555,0.008271668200301778,0.5059009254463183,0.0010341098263250894,2.1310104199917985,0.09160015142739866
0.2,2,256,gru,5,19169,1.0,0.0,1.0,0.0,0.9998190204471753,8.599306236967778e-05,0.9998667554946117,0.00015927117836906515,0.9997335870599429,0.0003184243678531424,0.0,0.0,0.4143808654056313,0.012058810635316547,0.5030754133188426,0.001960244634027485,1.53174175999593,0.06811566177258259
0.2,2,256,mamba,5,19449,0.9999999909084065,2.0329420941436994e-08,0.9999999909084065,2.0329420941436994e-08,0.9998793431706752,0.00014702768661065813,0.9999238747729695,7.961907993005705e-05,0.9998858230256898,0.00017020498401521103,0.00732421875,0.016377451007078537,0.43745970405621853,0.020393959311263084,0.5030776760953548,0.0041899130318363165,6.923855219990946,0.18985646206899653
0.2,64,64,mlp,5,19443,0.5047294237871986,0.004865072053885556,0.5047294237871986,0.004865072053885565,0.6687963580472002,0.00010448516830830142,0.7557686228365599,0.00021695087326473306,0.9392533936651584,0.00024582211181005376,106.11328125,0.06127881053716373,0.5042743002980359,0.003377060679438403,0.5042743002980359,0.003377060679438403,1.2566535200108775,0.009701325070074329
0.2,64,64,tcn,5,19111,0.5000827835628647,0.0035205461883148436,0.5005130989369586,0.0032474636710489372,0.6622328076802368,0.006202834032466826,0.7487439291365044,0.006699418884930857,0.9282051282051281,0.009931263426341186,107.05078125,1.1839435929058704,0.5033358653314465,0.0037701564976731538,0.5037416880099495,0.0035898482607794437,1.982903739984613,0.0130053216886918
0.2,64,64,gru,5,19169,0.5028381337540611,0.002138256229771536,0.5028381337540611,0.002138256229771536,0.6683928454600564,0.0007052943099337745,0.7551572848530709,0.0014160636133291916,0.9387631975867269,0.0011804280424206994,106.34765625,0.5583966314200527,0.5043279932622645,0.003131012087939542,0.5043279932622645,0.0031310120879395405,1.4793223000015132,0.13218741309573245
0.2,64,64,mamba,5,19449,0.5012982232890002,0.006485065786514345,0.5018583460344097,0.0064723286538260014,0.6624034038452276,0.0058537854026189644,0.7486734930806346,0.006594092906304513,0.9290346907993966,0.00816563099705782,107.373046875,1.9743151346460919,0.5012636767516925,0.0032598292396178057,0.5018309696723837,0.0035858570381627083,6.268062439991627,0.22121240401040987
0.2,64,256,mlp,5,19443,0.5086197643877466,0.002028964180753053,0.5086197643877466,0.0020289641807530296,0.668473742763194,0.0003984308531359307,0.7554084922648179,0.0006545078888888449,0.9387631975867269,0.0009464479938168242,106.1865234375,0.12310353745584676,0.507499326621444,0.000985398721395495,0.507499326621444,0.000985398721395495,1.2753264200058765,0.07861896500903465
0.2,64,256,tcn,5,19111,0.5039215059655373,0.004307078750851972,0.5039281301606142,0.004318192198328687,0.6682914440529706,0.0008280489332534481,0.755335745056826,0.0007148420426905252,0.9380467571644042,0.0017565331370817607,106.00341796875,0.12034919476431873,0.5041389098356736,0.0038142725644113745,0.5041428838164107,0.0038176606770989902,2.1206246000132523,0.10518058298760773
0.2,64,256,gru,5,19169,0.5022598236611867,0.00660333771319532,0.5022598236611867,0.00660333771319532,0.6689775051910416,0.00012053747788607482,0.7561131148520074,0.00019423421059828498,0.9397812971342383,0.00016863257748867132,106.06201171875,0.0793926393628374,0.501860381130586,0.0037979670063597983,0.501860381130586,0.003797967006359812,1.5646351600182242,0.1174347877606845
0.2,64,256,mamba,5,19449,0.5033493274563465,0.0047349767091098725,0.503355363792685,0.004726063245103424,0.668540500740243,0.0006019886185820742,0.7554921303760802,0.000702876373650564,0.9388386123680241,0.0009483240075384048,106.1572265625,0.15187823256831826,0.5010408506576901,0.004149526833225396,0.5010476577024378,0.004141972583382791,6.409362860000693,0.084001656025626
