configuration,suite,model,seed,n_train_trials,n_test_trials,parameters,ap,f1,prevalence,precision,recall,brier,tp,fp,fn,n,threshold,event_tp,event_fp,event_fn,left_censored_truth_segments,valid_duration_sec,negative_duration_sec,negative_alarm_duration_sec,alarm_duration_sec,event_f1,event_recall,event_miss_fraction,false_alarms_per_min,negative_alarm_time_fraction,alarm_time_fraction,all_matched_nonnegative_delays_n,all_matched_nonnegative_delays_median,all_matched_nonnegative_delays_p90,observed_onset_nonnegative_delays_n,observed_onset_nonnegative_delays_median,observed_onset_nonnegative_delays_p90,observed_onset_signed_differences_n,observed_onset_signed_differences_median,observed_onset_signed_differences_p90,matched_temporal_ious_n,matched_temporal_ious_median,matched_temporal_ious_p90,training_seconds
held_trial_low,held_trial,mlp,0,18,18,20915,0.5550573340129203,0.5442063657166633,0.29594272076372313,0.48462393479066324,0.6204933586337761,0.20839919684259492,1308,1391,800,7123,0.32780125737190247,19,11,21,1,237.37140083312988,167.0952935218811,46.36201572418213,89.9691116809845,0.5428571428571428,0.475,0.525,2.780452900743399,0.2774585372634151,0.37902254174348504,19,0.0,1.026610517501831,19,0.0,1.026610517501831,19,-0.43327784538269043,1.026610517501831,19,0.24967188884195676,0.6503977803021277,1.6049780999892391
held_trial_low,held_trial,mlp,1,18,18,20915,0.6199943942016682,0.5830346475507766,0.29594272076372313,0.5024021962937543,0.6944971537001897,0.19718658322419919,1464,1450,644,7123,0.29663166403770447,19,13,21,1,237.37140083312988,167.0952935218811,48.324055433273315,97.1313955783844,0.5277777777777778,0.475,0.525,3.285989791787653,0.2892005777945223,0.40919586452905066,19,0.0,0.5998423099517819,19,0.0,0.5998423099517819,19,-0.46669507026672363,0.5998423099517819,19,0.18389506195611346,0.622932757442447,1.5900917000253685
held_trial_low,held_trial,mlp,2,18,18,20915,0.5654195183480355,0.5366416618580496,0.29594272076372313,0.4513102555807182,0.6617647058823529,0.24127476571303677,1395,1696,713,7123,0.18258433043956757,21,10,19,1,237.37140083312988,167.0952935218811,56.52339720726013,103.03137922286987,0.5915492957746479,0.525,0.475,2.5276844552212716,0.3382704324934107,0.43405135943609346,21,0.0,3.0334599018096924,20,0.0,3.300129723548893,20,-0.5997467041015625,3.300129723548893,21,0.19673087010362586,0.5757747914838716,1.6226785999606363
held_trial_low,held_trial,mlp,3,18,18,20915,0.4494596306722466,0.5352059214272158,0.29594272076372313,0.4460613729832332,0.6688804554079696,0.25908681515585547,1410,1751,698,7123,0.28254950046539307,22,9,18,1,237.37140083312988,167.0952935218811,58.35088872909546,105.35594153404236,0.6197183098591549,0.55,0.45,2.2749160096991443,0.34920725473009456,0.4438442928013333,22,0.0,1.0301106214523317,21,0.0,1.0334553718566895,21,-0.5659840106964111,1.0334553718566895,22,0.26768732673387646,0.5806577883341854,1.585210100049153
held_trial_low,held_trial,mlp,4,18,18,20915,0.4390453499186099,0.5062368067549414,0.29594272076372313,0.4250725104737351,0.6257115749525617,0.25182019550558604,1319,1784,789,7123,0.2869495451450348,21,13,19,1,237.37140083312988,167.0952935218811,59.46052384376526,103.42585158348083,0.5675675675675675,0.525,0.475,3.285989791787653,0.3558479870408732,0.4357131955259781,21,0.0,0.4998009204864502,21,0.0,0.4998009204864502,21,-0.46669507026672363,0.4998009204864502,21,0.2139469691821158,0.5613055597967151,1.4882233000244014
held_trial_low,held_trial,tcn,0,18,18,20905,0.49280092330567926,0.5931318246557999,0.29594272076372313,0.44502493469484683,0.8889943074003795,0.22791291288388474,1874,2337,234,7123,0.0756329670548439,24,27,16,1,237.37140083312988,167.0952935218811,77.89975190162659,140.3730113506317,0.5274725274725275,0.6,0.4,6.824748029097433,0.4661995575083366,0.5913644645393181,24,0.0,0.9134677410125732,23,0.0,0.9201570987701416,23,0.0,0.9201570987701416,24,0.369367431386335,0.8534442029405097,2.5359919000184163
held_trial_low,held_trial,tcn,1,18,18,20905,0.6002280199647909,0.5515806988352745,0.29594272076372313,0.38969435736677116,0.9435483870967742,0.18203216981274975,1989,3115,119,7123,0.05704584717750549,23,11,17,1,237.37140083312988,167.0952935218811,103.84888219833374,170.15964770317078,0.6216216216216216,0.575,0.425,2.780452900743399,0.6214949566172835,0.7168498273420545,23,0.0,0.026456451416015648,22,0.0,0.02976350784301765,22,-0.3500469923019409,0.02976350784301765,23,0.35987702898034574,0.9372294478175617,2.4408144999761134
held_trial_low,held_trial,tcn,2,18,18,20905,0.5189492783361144,0.5287385554425229,0.29594272076372313,0.36118832522585126,0.9862428842504743,0.2328032249003404,2079,3677,29,7123,0.006639668717980385,19,11,21,1,237.37140083312988,167.0952935218811,122.56905460357666,191.87857341766357,0.5428571428571428,0.475,0.525,2.780452900743399,0.7335278691588417,0.8083474788631029,19,0.0,0.0,18,0.0,0.0,18,-0.5999021530151367,-0.2899490118026733,19,0.24150091903624907,0.8594456934116993,2.450785099994391
held_trial_low,held_trial,tcn,3,18,18,20905,0.654781435868154,0.6109510086455331,0.29594272076372313,0.47533632286995514,0.8548387096774194,0.1697137760812154,1802,1989,306,7123,0.11098111420869827,20,12,20,1,237.37140083312988,167.0952935218811,66.27432227134705,126.35059213638306,0.5555555555555556,0.5,0.5,3.0332213462655258,0.3966259065379866,0.5322907127518974,20,0.0,0.3499955415725715,19,0.0,0.3999966144561764,19,0.0,0.3999966144561764,20,0.43034682893881504,0.8340179378369228,2.2368392000207677
held_trial_low,held_trial,tcn,4,18,18,20905,0.4872647064005149,0.5866030135760107,0.29594272076372313,0.4278563656147987,0.9326375711574952,0.25306856074844336,1966,2629,142,7123,0.015760792419314384,21,12,19,1,237.37140083312988,167.0952935218811,87.63877582550049,153.18311524391174,0.5753424657534246,0.525,0.475,3.0332213462655258,0.5244838078819031,0.6453309653406739,21,0.0,0.09995532035827637,20,0.0,0.12325272560119663,20,-0.08333706855773926,0.12325272560119663,21,0.46672346325035374,0.8047776253346021,2.2108176999608986
held_trial_low,held_trial,gru,0,18,18,20641,0.5588507421550103,0.5393841166936791,0.29594272076372313,0.4096504185130478,0.7893738140417458,0.20952203810443235,1664,2398,444,7123,0.057958416640758514,19,23,21,1,237.37140083312988,167.0952935218811,79.83642888069153,135.30533051490784,0.4634146341463415,0.475,0.525,5.813674247008925,0.4777898120166799,0.5700153010851815,19,0.0,0.0333470821380614,18,0.0,0.050020623207092406,18,-0.6336205005645752,-0.043213653564452906,19,0.2369025702824411,0.6044211533885271,1.5514547000057064
held_trial_low,held_trial,gru,1,18,18,20641,0.6211283500813223,0.5352435530085959,0.29594272076372313,0.38341543513957305,0.8861480075901328,0.18404790642117064,1868,3004,240,7123,0.006480513606220484,18,21,22,1,237.37140083312988,167.0952935218811,100.03713512420654,162.31236815452576,0.45569620253164556,0.45,0.55,5.3081373559646705,0.5986831407139944,0.6837907497905782,18,0.0,0.049982357025146605,17,0.0,0.06664314270019538,17,-0.5999431610107422,-0.1732550621032713,18,0.22644707674962988,0.6861784164560776,1.6724788999999873
held_trial_low,held_trial,gru,2,18,18,20641,0.63367508111511,0.5562231759656653,0.29594272076372313,0.5078369905956113,0.6148007590132827,0.24863479650038164,1296,1256,812,7123,0.7383816838264465,14,1,26,1,237.37140083312988,167.0952935218811,41.86519455909729,85.07258009910583,0.509090909090909,0.35,0.65,0.2527684455221272,0.250546820779336,0.3583943971367939,14,0.0,0.5712130546569832,14,0.0,0.5712130546569832,14,-0.11665260791778564,0.5712130546569832,14,0.33880909716741087,0.6439161583775371,1.5498170999926515
held_trial_low,held_trial,gru,3,18,18,20641,0.638496389491798,0.5797278703562146,0.29594272076372313,0.42770133092713736,0.8994307400379506,0.18429754819041272,1896,2537,212,7123,0.02910623513162136,20,36,20,1,237.37140083312988,167.0952935218811,84.46020436286926,147.66413831710815,0.4166666666666667,0.5,0.5,9.099664038796577,0.5054613004513452,0.6220805783629967,20,0.0,0.14314899444580093,19,0.0,0.1531986713409423,19,-0.5999696254730225,0.1531986713409423,20,0.3871785860628323,0.8579477380426845,1.595649799972307
held_trial_low,held_trial,gru,4,18,18,20641,0.6225831201489862,0.5949693008516538,0.29594272076372313,0.5107106426385584,0.7125237191650854,0.18365001900702532,1502,1439,606,7123,0.2503867447376251,18,24,22,1,237.37140083312988,167.0952935218811,47.876344203948975,97.94222521781921,0.43902439024390244,0.45,0.55,6.0664426925310515,0.2865212011353245,0.4126117336547707,18,0.0,0.3800631284713747,17,0.0,0.4067169189453126,17,-0.5332460403442383,0.4067169189453126,18,0.2927587090985091,0.8988700841878874,1.5649393000057898
held_trial_low,held_trial,mamba,0,18,18,21013,0.5543274882113507,0.558162923231646,0.29594272076372313,0.43157076205287714,0.7898481973434535,0.20330707769909165,1665,2193,443,7123,0.317566454410553,21,15,19,1,237.37140083312988,167.0952935218811,73.08694219589233,128.59179878234863,0.5526315789473685,0.525,0.475,3.7915266828319076,0.43739677315520326,0.5417324847518071,21,0.0,0.5666396617889404,21,0.0,0.5666396617889404,21,-0.5994312763214111,0.5666396617889404,21,0.2726512863977179,0.5866241208278594,6.4285975999664515
held_trial_low,held_trial,mamba,1,18,18,21013,0.5519509492967167,0.530044275774826,0.29594272076372313,0.36139382439192685,0.9938330170777988,0.21762032852379434,2095,3702,13,7123,0.00941766332834959,18,11,22,1,237.37140083312988,167.0952935218811,123.39911842346191,193.24235033988953,0.5217391304347826,0.45,0.55,2.780452900743399,0.7384954765784759,0.8140928084076029,18,0.0,0.0,17,0.0,0.0,17,-0.7323782444000244,-0.546336793899536,18,0.2094493681501491,0.670483183342474,6.853340499976184
held_trial_low,held_trial,mamba,2,18,18,21013,0.5004543616317723,0.5626696471339614,0.29594272076372313,0.42406738868832733,0.8358633776091081,0.2130507933771575,1762,2393,346,7123,0.32517361640930176,22,4,18,1,237.37140083312988,167.0952935218811,79.76196312904358,138.50741481781006,0.6666666666666666,0.55,0.45,1.0110737820885087,0.47734416360804777,0.5835050656131048,22,0.0,0.9600039482116708,21,0.0,1.0000078678131104,21,-0.6333193778991699,1.0000078678131104,22,0.21991085787909814,0.5555234164751427,6.774002999998629
held_trial_low,held_trial,mamba,3,18,18,21013,0.5121153949264842,0.6061896184706075,0.29594272076372313,0.4628657164291073,0.8780834914611005,0.21185200361035375,1851,2148,257,7123,0.2562897801399231,19,17,21,1,237.37140083312988,167.0952935218811,71.5965268611908,133.31007051467896,0.5,0.475,0.525,4.297063573876162,0.42847722010683226,0.5616096549406759,19,0.0,0.08680205345153802,19,0.0,0.08680205345153802,19,-0.6662073135375977,0.08680205345153802,19,0.21879312706912155,0.6313836944758413,6.637967100017704
held_trial_low,held_trial,mamba,4,18,18,21013,0.6383816550908508,0.5721663495515086,0.29594272076372313,0.40095238095238095,0.9985768500948766,0.19672559603589748,2105,3145,3,7123,0.01772504672408104,18,8,22,1,237.37140083312988,167.0952935218811,104.82568573951721,175.00175619125366,0.5454545454545454,0.45,0.55,2.0221475641770175,0.6273407438958795,0.7372486979350913,18,0.0,0.0,17,0.0,0.0,17,-0.6667258739471436,-0.619526720046997,18,0.22940758974455427,0.8423297395870148,6.754956700024195
held_trial_full,held_trial,mlp,0,54,18,20915,0.5289954281682414,0.472520908004779,0.29594272076372313,0.34481255448997383,0.7504743833017078,0.26889080982013214,1582,3006,526,7123,0.2671325206756592,17,5,23,1,237.37140083312988,167.0952935218811,100.21372532844543,152.95948362350464,0.5483870967741935,0.425,0.575,1.2638422276106358,0.5997399640422695,0.6443888483896756,17,0.0,0.12657084465026858,17,0.0,0.12657084465026858,17,-0.6993317604064941,0.12657084465026858,17,0.24972464569205885,0.6152365439343556,1.2260023999842815
held_trial_full,held_trial,mlp,1,54,18,20915,0.5141543938901205,0.5239636307597473,0.29594272076372313,0.3880392604428213,0.8064516129032258,0.2650636549994792,1700,2681,408,7123,0.2938896417617798,19,13,21,1,237.37140083312988,167.0952935218811,89.37396574020386,146.0494520664215,0.5277777777777778,0.475,0.525,3.285989791787653,0.5348682410884322,0.6152782161364632,19,0.0,0.33323225975036563,19,0.0,0.33323225975036563,19,-0.6666707992553711,0.33323225975036563,19,0.24002205241998703,0.5760331511029664,1.3097401999984868
held_trial_full,held_trial,mlp,2,54,18,20915,0.4625394041587006,0.5361038961038961,0.29594272076372313,0.4221434415053177,0.7343453510436433,0.26588575370212386,1548,2119,560,7123,0.30673080682754517,18,9,22,1,237.37140083312988,167.0952935218811,70.63371586799622,122.24295401573181,0.5373134328358209,0.45,0.55,2.2749160096991443,0.42271517275707554,0.51498602437649,18,0.0,0.42990729808807426,18,0.0,0.42990729808807426,18,-0.6499767303466797,0.42990729808807426,18,0.22435897329000198,0.5260224569061147,1.3418644000194035
held_trial_full,held_trial,mlp,3,54,18,20915,0.49108702293795237,0.543376790600354,0.29594272076372313,0.41120584652862363,0.8007590132827325,0.2199677320846489,1688,2417,420,7123,0.21204978227615356,22,15,18,1,237.37140083312988,167.0952935218811,80.55660009384155,136.83060097694397,0.5714285714285714,0.55,0.45,3.7915266828319076,0.4820997551513483,0.576440971813343,22,0.0,0.3797518730163578,22,0.0,0.3797518730163578,22,-0.6499468088150024,0.3797518730163578,22,0.21997001453749548,0.6467385356706831,1.3619657999952324
held_trial_full,held_trial,mlp,4,54,18,20915,0.4842202431195297,0.5617977528089888,0.29594272076372313,0.43103448275862066,0.8064516129032258,0.22341817671907302,1700,2244,408,7123,0.2367240935564041,20,7,20,1,237.37140083312988,167.0952935218811,74.79529905319214,131.471364736557,0.5970149253731343,0.5,0.5,1.7693791186548902,0.4476206210044911,0.5538635415855353,20,0.0,0.2131494045257575,20,0.0,0.2131494045257575,20,-0.6165640354156494,0.2131494045257575,20,0.28871512058439597,0.6849301085630394,1.2562577000353485
held_trial_full,held_trial,tcn,0,54,18,20905,0.539824789375643,0.5478018143754362,0.29594272076372313,0.43322295805739514,0.7447817836812144,0.24152708576921916,1570,2054,538,7123,0.31134355068206787,23,18,17,1,237.37140083312988,167.0952935218811,68.4688549041748,120.80368852615356,0.5679012345679012,0.575,0.425,4.549832019398289,0.409759326316446,0.5089226760349177,23,0.0,0.5600842475891115,22,0.01661694049835205,0.5800958395004276,22,0.01661694049835205,0.5800958395004276,23,0.29732822479427806,0.8640070089692071,2.2225849999813363
held_trial_full,held_trial,tcn,1,54,18,20905,0.6631349935301981,0.5428010103845075,0.29594272076372313,0.3854125149461937,0.9174573055028463,0.17108431168656146,1934,3084,174,7123,0.07382741570472717,28,18,12,1,237.37140083312988,167.0952935218811,102.82481098175049,167.29804301261902,0.6511627906976745,0.7,0.3,4.549832019398289,0.6153662907823648,0.7047944378532279,28,0.0,0.2633090019226075,27,0.0,0.27330398559570335,27,-0.10001778602600098,0.27330398559570335,28,0.4644604980458036,0.8768012053869996,2.1362728000385687
held_trial_full,held_trial,tcn,2,54,18,20905,0.5057372687197764,0.5098155859607376,0.29594272076372313,0.371317157712305,0.8130929791271347,0.29527832436721724,1714,2902,394,7123,0.23292866349220276,23,10,17,1,237.37140083312988,167.0952935218811,96.75749945640564,153.89983081817627,0.6301369863013698,0.575,0.425,2.5276844552212716,0.5790558035300692,0.6483503500338129,23,0.0,0.3133334159851075,22,0.0,0.3233747005462649,22,-0.15011847019195557,0.3233747005462649,23,0.35048412334431106,0.8047431436191984,2.0979747000383213
held_trial_full,held_trial,tcn,3,54,18,20905,0.5550519664895104,0.6313532060904997,0.29594272076372313,0.5761252446183953,0.698292220113852,0.2386463546453856,1472,1083,636,7123,0.7283040285110474,23,13,17,1,237.37140083312988,167.0952935218811,36.099008560180664,85.16667675971985,0.6052631578947368,0.575,0.425,3.285989791787653,0.21603845206719424,0.358790808247331,23,0.09979057312011719,0.9865657329559328,22,0.0999370813369751,1.009981465339661,22,0.0999370813369751,1.009981465339661,23,0.42089822611241134,0.9392099377366974,2.1931451000273228
held_trial_full,held_trial,tcn,4,54,18,20905,0.5700515093247291,0.6191646191646192,0.29594272076372313,0.5850569860700717,0.6574952561669829,0.20765900803503512,1386,983,722,7123,0.6617355346679688,25,7,15,1,237.37140083312988,167.0952935218811,32.7596116065979,78.95907950401306,0.6944444444444444,0.625,0.375,1.7693791186548902,0.19605346695362208,0.33263939643479057,25,0.033873796463012695,0.846734809875489,24,0.05010104179382324,0.893400406837463,24,0.05010104179382324,0.893400406837463,25,0.3529363257210967,0.8951497595007286,2.105679699976463
held_trial_full,held_trial,gru,0,54,18,20641,0.5666967751167015,0.5255166596372839,0.29594272076372313,0.4730447987851177,0.5910815939278937,0.2642762730163116,1246,1388,862,7123,0.6983109712600708,16,0,24,1,237.37140083312988,167.0952935218811,46.2765576839447,87.80856680870056,0.5714285714285714,0.4,0.6,0.0,0.2769471043053932,0.36992058226268487,16,0.10012757778167725,0.7167716026306152,15,0.100128173828125,0.7667564392089842,15,0.100128173828125,0.7667564392089842,16,0.24570530263189766,0.6167280970893365,1.5086087000090629
held_trial_full,held_trial,gru,1,54,18,20641,0.522942048857288,0.539585211902615,0.29594272076372313,0.4352633110270585,0.7096774193548387,0.2282621282682289,1496,1941,612,7123,0.4566800594329834,21,2,19,1,237.37140083312988,167.0952935218811,64.69878458976746,114.56838488578796,0.6666666666666666,0.525,0.475,0.5055368910442544,0.38719692952509854,0.4826545425593565,21,0.0,1.0000078678131104,20,0.0,1.0066950798034668,20,-0.099822998046875,1.0066950798034668,21,0.285031354286584,0.7795784532770897,1.4861686000367627
held_trial_full,held_trial,gru,2,54,18,20641,0.5117954165460432,0.538546255506608,0.29594272076372313,0.43922155688622755,0.6959203036053131,0.2348984479454333,1467,1873,641,7123,0.5504814982414246,17,3,23,1,237.37140083312988,167.0952935218811,62.440184116363525,111.34209632873535,0.5666666666666667,0.425,0.575,0.7583053365663814,0.37368008877034586,0.46906281016982293,17,0.0,1.0329975605010986,16,0.0,1.0330183506011963,16,-0.30000102519989014,1.0330183506011963,17,0.31852002124918966,0.6642585983538468,1.4615486999973655
held_trial_full,held_trial,gru,3,54,18,20641,0.5941144575060586,0.5528305366033561,0.29594272076372313,0.4521870286576169,0.711100569259962,0.2283170596919694,1499,1816,609,7123,0.5617699027061462,18,4,22,1,237.37140083312988,167.0952935218811,60.540485858917236,110.50923252105713,0.5806451612903226,0.45,0.55,1.0110737820885087,0.36231113745277016,0.4655541153365152,18,0.0,0.566866993904114,17,0.0,0.6001729965209962,17,-0.19994425773620605,0.6001729965209962,18,0.28996065345734656,0.7096459693650835,1.48763260000851
held_trial_full,held_trial,gru,4,54,18,20641,0.5032153653879674,0.5123853211009174,0.29594272076372313,0.4960035523978686,0.5298861480075902,0.24628212060183108,1117,1135,991,7123,0.7409949898719788,16,1,24,1,237.37140083312988,167.0952935218811,37.83205604553223,75.06270813941956,0.5614035087719298,0.4,0.6,0.2527684455221272,0.22641006367171032,0.3162247342180367,16,0.1999976634979248,0.9326514005661011,15,0.2001183032989502,0.9660804271697997,15,0.2001183032989502,0.9660804271697997,16,0.3471490721672516,0.5637703151368776,1.469116499996744
held_trial_full,held_trial,mamba,0,54,18,21013,0.5750572560936438,0.5281899109792285,0.29594272076372313,0.36275031011873116,0.9710626185958254,0.2509131275385096,2047,3596,61,7123,0.03083827905356884,19,7,21,1,237.37140083312988,167.0952935218811,119.88941025733948,188.13221502304077,0.5757575757575758,0.475,0.525,1.7693791186548902,0.717491245446958,0.7925647924001432,19,0.0,0.0,18,0.0,0.0,18,-0.8999124765396118,-0.7453156232833862,19,0.21879312706912155,0.8379243222530673,6.2417888000491075
held_trial_full,held_trial,mamba,1,54,18,21013,0.5580888673247384,0.6562731997030438,0.29594272076372313,0.5390243902439025,0.8387096774193549,0.1745806623265863,1768,1512,340,7123,0.340515673160553,25,15,15,1,237.37140083312988,167.0952935218811,50.400161027908325,109.34234642982483,0.625,0.625,0.375,3.7915266828319076,0.30162525805257606,0.4606382489468122,25,0.0,0.5265687465667725,24,0.016362547874450684,0.5365864753723144,24,-0.18369460105895996,0.5365864753723144,25,0.29174103903047743,0.7927101782715958,6.176951400004327
held_trial_full,held_trial,mamba,2,54,18,21013,0.48824603466887695,0.6005196492367652,0.29594272076372313,0.45654320987654323,0.877134724857685,0.2398560963617458,1849,2201,259,7123,0.21631014347076416,24,7,16,1,237.37140083312988,167.0952935218811,73.37879276275635,135.02191424369812,0.676056338028169,0.6,0.4,1.7693791186548902,0.43914338468873393,0.5688213229133589,24,0.0,1.0034387826919555,23,0.0,1.0134249210357666,23,-0.3332350254058838,1.0134249210357666,24,0.29815362224554454,0.7777297712455654,7.124508999986574
held_trial_full,held_trial,mamba,3,54,18,21013,0.5515472367807287,0.6156968876860622,0.29594272076372313,0.4784437434279706,0.8633776091081594,0.2430124940471057,1820,1984,288,7123,0.4025260806083679,23,15,17,1,237.37140083312988,167.0952935218811,66.15192222595215,126.81242084503174,0.5897435897435898,0.575,0.425,3.7915266828319076,0.3958933901228616,0.5342363081649412,23,0.036974191665649414,0.1999647617340088,22,0.05172765254974365,0.20000791549682617,22,0.05172765254974365,0.20000791549682617,23,0.574876194150168,0.9424817661218413,6.775175700022373
held_trial_full,held_trial,mamba,4,54,18,21013,0.5799659242329889,0.5634965297317577,0.29594272076372313,0.46602544213465713,0.7125237191650854,0.2528047217518081,1502,1721,606,7123,0.49903443455696106,25,14,15,1,237.37140083312988,167.0952935218811,57.365681648254395,107.4312961101532,0.6329113924050633,0.625,0.375,3.5387582373097803,0.3433111755523046,0.45258736196984617,25,0.0,1.0200414657592773,24,0.03314483165740967,1.0233803987503052,24,-0.01680433750152588,1.0233803987503052,25,0.2996600678862533,0.7087017201552095,6.309584900038317
loo_SpoolSolder,loo,gru,0,48,30,20641,0.3396407542197236,0.39981447124304265,0.21369668857106042,0.2562208067940552,0.9095568284594513,0.3218808740284939,3017,8758,300,15522,0.2067982256412506,32,45,28,0,517.2599172592163,406.6945581436157,291.767626285553,392.3332254886627,0.46715328467153283,0.5333333333333333,0.4666666666666667,5.2198129217248805,0.7174121719684317,0.7584837185287863,32,0.0,0.49653036594390876,32,0.0,0.49653036594390876,32,-0.7166306972503662,0.49653036594390876,32,0.14326621943030857,0.5917873671600014,1.5687123999814503
loo_SpoolSolder,loo,gru,1,48,30,20641,0.29313718147616263,0.4485736146026888,0.21369668857106042,0.35185185185185186,0.618631293337353,0.266244823777168,2052,3780,1265,15522,0.6146141886711121,29,20,31,0,517.2599172592163,406.6945581436157,126.01292967796326,194.4115834236145,0.5321100917431193,0.48333333333333334,0.5166666666666667,2.319916854099947,0.309846608848561,0.3758489241805843,29,0.0,1.2999132633209225,29,0.0,1.2999132633209225,29,-0.10013198852539062,1.2999132633209225,29,0.20581583191910421,0.5997183645508448,1.5019838999724016
loo_SpoolSolder,loo,gru,2,48,30,20641,0.25992812827544853,0.36941839879352173,0.21369668857106042,0.23604826546003016,0.8492613807657522,0.36768651784847745,2817,9117,500,15522,0.2778036296367645,35,41,25,0,517.2599172592163,406.6945581436157,303.74069452285767,397.6392934322357,0.5147058823529411,0.5833333333333334,0.4166666666666667,4.755829550904892,0.7468521238870326,0.768741748904865,35,0.0,2.0666777133941654,35,0.0,2.0666777133941654,35,-0.9332401752471924,2.0666777133941654,35,0.11139023165116858,0.4852240773486211,1.5764749000081792
loo_SpoolSolder,loo,gru,3,48,30,20641,0.2884021911179422,0.4159740523008311,0.21369668857106042,0.31333027943197433,0.618631293337353,0.25607360611406443,2052,4497,1265,15522,0.5331333875656128,29,25,31,0,517.2599172592163,406.6945581436157,149.8991596698761,218.29817390441895,0.5087719298245614,0.48333333333333334,0.5166666666666667,2.8998960676249337,0.36857921176546043,0.4220280107167523,29,0.0,1.2332229614257808,29,0.0,1.2332229614257808,29,-0.2998993396759033,1.2332229614257808,29,0.26477351454907844,0.5638353075657428,1.7564404000295326
loo_SpoolSolder,loo,gru,4,48,30,20641,0.2728282724339697,0.4132738979692917,0.21369668857106042,0.3077604012983181,0.6288815194452819,0.28742319848637177,2086,4692,1231,15522,0.631047248840332,23,14,37,0,517.2599172592163,406.6945581436157,156.41206884384155,225.9431653022766,0.4742268041237113,0.38333333333333336,0.6166666666666667,1.6239417978699628,0.38459346384617193,0.43680779771120154,23,0.0,2.833362293243409,23,0.0,2.833362293243409,23,-0.4998762607574463,2.833362293243409,23,0.1293872371763796,0.6622131255046382,1.590990900003817
loo_SpoolSolder,loo,mamba,0,48,30,21013,0.34412237132855233,0.2815105443845022,0.21369668857106042,0.3075,0.2595719023213747,0.25391958258850456,861,1939,2456,15522,0.7744884490966797,21,54,39,0,517.2599172592163,406.6945581436157,64.63571906089783,93.33569169044495,0.3111111111111111,0.35,0.65,6.263775506069857,0.15892939250510715,0.18044253686811634,21,0.16662168502807617,2.2331738471984863,21,0.16662168502807617,2.2331738471984863,21,0.16662168502807617,2.2331738471984863,21,0.20500992662039746,0.44467322752954813,6.041534400021192
loo_SpoolSolder,loo,mamba,1,48,30,21013,0.334903988000214,0.379049972542559,0.21369668857106042,0.24540040885254644,0.8323786554115165,0.2614528833267252,2761,8490,556,15522,0.4117988646030426,36,35,24,0,517.2599172592163,406.6945581436157,282.94578289985657,374.97903299331665,0.549618320610687,0.6,0.4,4.059854494674907,0.6957206021919284,0.7249334821460796,36,0.0,0.11671614646911621,36,0.0,0.11671614646911621,36,-1.0333443880081177,0.11671614646911621,36,0.1765995853168769,0.4570837642962876,6.272277500014752
loo_SpoolSolder,loo,mamba,2,48,30,21013,0.3091785799266906,0.3584731698321962,0.21369668857106042,0.22513897467572574,0.8791076273741333,0.2789526017186662,2916,10036,401,15522,0.2431478053331375,37,30,23,0,517.2599172592163,406.6945581436157,334.53015089035034,431.7286534309387,0.5826771653543307,0.6166666666666667,0.38333333333333336,3.4798752811499205,0.8225587094583596,0.8346454829102581,37,0.0,0.0798502922058105,37,0.0,0.0798502922058105,37,-2.23362135887146,0.0798502922058105,37,0.12572535487483608,0.45633601269730106,6.195824299997184
loo_SpoolSolder,loo,mamba,3,48,30,21013,0.293359260039892,0.34574132492113563,0.21369668857106042,0.265461004359761,0.49562858004220683,0.21557523236001183,1644,4549,1673,15522,0.45485860109329224,36,56,24,0,517.2599172592163,406.6945581436157,151.63297152519226,206.4331614971161,0.47368421052631576,0.6,0.4,6.495767191479851,0.3728423911481162,0.3990898088352466,36,0.0,2.1168466806411743,36,0.0,2.1168466806411743,36,-0.5667212009429932,2.1168466806411743,36,0.1973926078495875,0.5435678800703854,6.206301899976097
loo_SpoolSolder,loo,mamba,4,48,30,21013,0.34075475433551616,0.3937566988210075,0.21369668857106042,0.25312203944535355,0.8860416038589086,0.25507860547616623,2939,8672,378,15522,0.20876388251781464,36,19,24,0,517.2599172592163,406.6945581436157,289.0615541934967,387.0278146266937,0.6260869565217392,0.6,0.4,2.2039210113949497,0.710758352688409,0.7482269584649474,36,0.0,0.31668543815612793,36,0.0,0.31668543815612793,36,-0.7667194604873657,0.31668543815612793,36,0.2128103827489103,0.641173696438706,6.9024199999985285
loo_brush,loo,gru,0,48,30,20641,0.277767251935019,0.10010881392818281,0.21238810280103956,0.2506811989100817,0.06254248810333107,0.21706314287297931,92,275,1379,6926,0.7846546769142151,5,3,46,4,230.6996030807495,181.66607213020325,9.166221618652344,12.233166933059692,0.1694915254237288,0.09803921568627451,0.9019607843137255,0.7802354126157572,0.05045643091838718,0.05302638916451814,5,0.39982080459594727,2.3266329765319824,5,0.39982080459594727,2.3266329765319824,5,0.39982080459594727,2.3266329765319824,5,0.1330988501580973,0.17192336141321668,1.4731595999910496
loo_brush,loo,gru,1,48,30,20641,0.29781649179516734,0.38880179171332585,0.21238810280103956,0.2899131596526386,0.5900747790618627,0.21801620492342383,868,2126,603,6926,0.3521261513233185,21,37,30,4,230.6996030807495,181.66607213020325,70.69902634620667,99.63224935531616,0.3853211009174312,0.4117647058823529,0.5882352941176471,9.622903422261006,0.38917022599319173,0.4318700510310062,21,0.0,0.4336404800415039,19,0.0,0.4067346572875976,19,-0.10012292861938477,0.4067346572875976,21,0.41233966574880737,0.799361607066142,1.5373184999916703
loo_brush,loo,gru,2,48,30,20641,0.3397459279892782,0.36476566911349523,0.21238810280103956,0.3119266055045872,0.43915703602991163,0.21102599892308951,646,1425,825,6926,0.5911094546318054,14,6,37,4,230.6996030807495,181.66607213020325,47.49758052825928,69.03127408027649,0.39436619718309857,0.27450980392156865,0.7254901960784313,1.5604708252315145,0.2614554273745564,0.2992258034189775,14,0.0,0.4566148996353153,14,0.0,0.4566148996353153,14,-0.14994454383850098,0.4566148996353153,14,0.32251207308802643,0.8620531315480504,1.5636215999838896
loo_brush,loo,gru,3,48,30,20641,0.24854666254101646,0.38077285579641845,0.21238810280103956,0.29138117562206994,0.549286199864038,0.2306730942377831,808,1965,663,6926,0.28361040353775024,25,9,26,4,230.6996030807495,181.66607213020325,65.4994707107544,92.43283677101135,0.5882352941176471,0.49019607843137253,0.5098039215686274,2.3407062378472716,0.36054872515661474,0.40066318076263874,25,0.0,0.26004714965820325,24,0.0,0.1998591661453247,24,-0.44998109340667725,0.1998591661453247,25,0.4114436407132017,0.6526537335551379,1.5344610000029206
loo_brush,loo,gru,4,48,30,20641,0.3946994584123843,0.30783669638667294,0.21238810280103956,0.49696969696969695,0.2229775662814412,0.2082761568547366,328,332,1143,6926,0.6949478983879089,10,5,41,4,230.6996030807495,181.66607213020325,11.066006898880005,22.000585556030273,0.30303030303030304,0.19607843137254902,0.803921568627451,1.3003923543595954,0.06091399879526654,0.09536464416165305,10,0.0,0.6645183324813843,10,0.0,0.6645183324813843,10,-0.11678826808929443,0.6645183324813843,10,0.38795321738756394,0.872981861725798,1.5225894000031985
loo_brush,loo,mamba,0,48,30,21013,0.3142076821741969,0.3973928500888801,0.21238810280103956,0.28006681514476617,0.6838885112168592,0.2857821459888433,1006,2586,465,6926,0.21555887162685394,40,30,11,4,230.6996030807495,181.66607213020325,86.20011711120605,119.73422718048096,0.6611570247933884,0.7843137254901961,0.21568627450980393,7.802354126157572,0.4744976103706636,0.5190049119355076,40,0.0,0.1332336187362671,37,0.0,0.1332538604736328,37,-0.4996488094329834,0.1332538604736328,40,0.3172527545549746,0.6662909569162151,6.570651300018653
loo_brush,loo,mamba,1,48,30,21013,0.2675625645294881,0.39585439838220426,0.21238810280103956,0.3150905432595573,0.5322909585316111,0.28242861001599756,783,1702,688,6926,0.6890406012535095,31,26,20,4,230.6996030807495,181.66607213020325,56.733588457107544,82.83414697647095,0.5740740740740741,0.6078431372549019,0.39215686274509803,6.762040242669896,0.3122960043768965,0.35905630469367267,31,0.100128173828125,1.100252389907837,29,0.10004806518554688,1.2402106761932368,29,0.10004806518554688,1.2402106761932368,31,0.28210127256878953,0.6590748234562808,6.7586999999475665
loo_brush,loo,mamba,2,48,30,21013,0.24540650604453262,0.36486149238832044,0.21238810280103956,0.28824921135646686,0.4969408565601632,0.26073389220051035,731,1805,740,6926,0.460095077753067,31,29,20,4,230.6996030807495,181.66607213020325,60.16705298423767,84.53416085243225,0.5585585585585585,0.6078431372549019,0.39215686274509803,7.5422756552856525,0.331195870966566,0.3664252548490237,31,0.03332400321960449,0.9000649452209473,30,0.016662001609802246,0.9167464494705203,30,-0.016553044319152832,0.9167464494705203,31,0.1539503830762889,0.6765582923487525,6.898397000040859
loo_brush,loo,mamba,3,48,30,21013,0.34589215647933963,0.4683929931454684,0.21238810280103956,0.32531076434805606,0.8361658735554045,0.25968279636669844,1230,2551,241,6926,0.09048333764076233,43,47,8,4,230.6996030807495,181.66607213020325,85.03447771072388,126.02771067619324,0.6099290780141844,0.8431372549019608,0.1568627450980392,12.223688130980197,0.46808122569952515,0.5462849046692161,43,0.0,0.4732263088226331,39,0.0,0.5332962036132812,39,-0.1000211238861084,0.5332962036132812,43,0.32891097008871123,0.6623799417746017,6.69720369996503
loo_brush,loo,mamba,4,48,30,21013,0.380020338726804,0.3952662721893491,0.21238810280103956,0.2784106696304529,0.681169272603671,0.27397948752453716,1002,2597,469,6926,0.3892689347267151,41,30,10,4,230.6996030807495,181.66607213020325,86.56713938713074,119.96840023994446,0.6721311475409836,0.803921568627451,0.19607843137254902,7.802354126157572,0.4765179230885036,0.5200199681225853,41,0.0,0.16681408882141113,37,0.0,0.1801549434661865,37,-0.03331327438354492,0.1801549434661865,41,0.38427327625770535,0.8998822017332867,6.457386999973096
loo_screwDriver,loo,gru,0,48,30,20641,0.4835255694390252,0.5735593220338983,0.3300719237996501,0.41802174108346063,0.9134275618374559,0.31174532229229535,4653,6478,441,15433,0.3075452148914337,35,43,94,0,514.2974901199341,344.4902160167694,215.77033710479736,370.87657952308655,0.33816425120772947,0.2713178294573643,0.7286821705426356,5.016551800395417,0.626346778726203,0.7211323925314086,35,0.0,0.39998598098754884,35,0.0,0.39998598098754884,35,-0.6660749912261963,0.39998598098754884,35,0.19221859167453884,0.5795220173399658,1.6049774000421166
loo_screwDriver,loo,gru,1,48,30,20641,0.5866620095975132,0.5519708423326134,0.3300719237996501,0.42059247068504424,0.8027090694935218,0.3130968427800615,4089,5633,1005,15433,0.5252141952514648,39,13,90,0,514.2974901199341,344.4902160167694,187.76428771018982,324.0710790157318,0.430939226519337,0.3023255813953488,0.6976744186046512,1.5166319396544286,0.545049696566853,0.6301237809660679,39,0.0,0.4736032962799078,39,0.0,0.4736032962799078,39,-0.5686328411102295,0.4736032962799078,39,0.18718703980343976,0.5921878865350861,1.5094185000052676
loo_screwDriver,loo,gru,2,48,30,20641,0.47449991225127414,0.579675124177742,0.3300719237996501,0.4404324765401877,0.8476639183352964,0.2571371374529635,4318,5486,776,15433,0.4411795735359192,43,6,86,0,514.2974901199341,344.4902160167694,182.87885785102844,326.8234853744507,0.48314606741573035,0.3333333333333333,0.6666666666666666,0.6999839721481979,0.5308680750518793,0.6354755596770179,43,0.0,0.9336488246917725,43,0.0,0.9336488246917725,43,-0.16701698303222656,0.9336488246917725,43,0.20100455816801063,0.644429839096364,1.488656000001356
loo_screwDriver,loo,gru,3,48,30,20641,0.49543018597788135,0.5658919803600655,0.3300719237996501,0.42451625577055296,0.8484491558696505,0.3204636109359948,4322,5859,772,15433,0.4321334958076477,43,5,86,0,514.2974901199341,344.4902160167694,195.3269944190979,339.3950057029724,0.4858757062146893,0.3333333333333333,0.6666666666666666,0.5833199767901648,0.5670030245781773,0.6599196228311858,43,0.0,0.7868190288543704,43,0.0,0.7868190288543704,43,-0.3994121551513672,0.7868190288543704,43,0.25800036336424687,0.8754225475993206,1.587916699994821
loo_screwDriver,loo,gru,4,48,30,20641,0.5035708583083754,0.5579755759788493,0.3300719237996501,0.4106745737583395,0.8700431880643895,0.35205530996696494,4432,6360,662,15433,0.6377540826797485,40,7,89,0,514.2974901199341,344.4902160167694,212.01447582244873,359.75971722602844,0.45454545454545453,0.31007751937984496,0.689922480620155,0.8166479675062308,0.6154441141287104,0.6995167663410773,40,0.0,0.8708950757980347,40,0.0,0.8708950757980347,40,-0.5332539081573486,0.8708950757980347,40,0.18241508658976102,0.5836909649751889,1.578128699969966
loo_screwDriver,loo,mamba,0,48,30,21013,0.414836499052229,0.5518597790247006,0.3300719237996501,0.39120807020421555,0.9363957597173145,0.3122325020328348,4770,7423,324,15433,0.2306843101978302,43,26,86,0,514.2974901199341,344.4902160167694,247.4557991027832,406.46296763420105,0.43434343434343436,0.3333333333333333,0.6666666666666666,3.033263879308857,0.7183246071950482,0.790326562821479,43,0.0,0.4138420104980473,43,0.0,0.4138420104980473,43,-0.5331459045410156,0.4138420104980473,43,0.18655922697081534,0.5440683657218637,6.184503700002097
loo_screwDriver,loo,mamba,1,48,30,21013,0.44404019530800337,0.5496763465764001,0.3300719237996501,0.39404001702852276,0.9085198272477425,0.3386559341271838,4628,7117,466,15433,0.3529997169971466,41,17,88,0,514.2974901199341,344.4902160167694,237.2602150440216,391.541157245636,0.4385026737967914,0.3178294573643411,0.6821705426356589,1.9832879210865604,0.6887284573343936,0.7613125958563957,41,0.0,0.5656492710113525,41,0.0,0.5656492710113525,41,-0.6019651889801025,0.5656492710113525,41,0.16856962813929083,0.48748395426908847,6.173898599983659
loo_screwDriver,loo,mamba,2,48,30,21013,0.4915748742909323,0.5331128709424767,0.3300719237996501,0.4788181960293888,0.6012956419316844,0.2618298671205438,3063,3334,2031,15433,0.6799218058586121,60,33,69,0,514.2974901199341,344.4902160167694,111.13298058509827,213.24060559272766,0.5405405405405406,0.46511627906976744,0.5348837209302325,3.849911846815088,0.32260126824527413,0.414625017016902,60,0.3496469259262085,1.5362175703048706,60,0.3496469259262085,1.5362175703048706,60,0.3496469259262085,1.5362175703048706,60,0.16658853259764683,0.6510709490855047,6.838694199977908
loo_screwDriver,loo,mamba,3,48,30,21013,0.4258451975750501,0.5499749707992658,0.3300719237996501,0.38370197904540165,0.9705535924617197,0.3278570446448276,4944,7941,150,15433,0.04908406361937523,28,6,101,0,514.2974901199341,344.4902160167694,264.7280251979828,429.5374746322632,0.34355828220858897,0.21705426356589147,0.7829457364341085,0.6999839721481979,0.768463117063087,0.835192632443326,28,0.0,0.0,28,0.0,0.0,28,-0.6999444961547852,-0.580400800704956,28,0.1836872295350765,0.5762765277390531,6.424280499981251
loo_screwDriver,loo,mamba,4,48,30,21013,0.45527328723584154,0.5635409021622537,0.3300719237996501,0.3955147000554719,0.9797801334903808,0.2853891703879464,4991,7628,103,15433,0.016500065103173256,29,11,100,0,514.2974901199341,344.4902160167694,254.28796529769897,420.6636507511139,0.3431952662721893,0.2248062015503876,0.7751937984496124,1.2833039489383626,0.738157292935485,0.8179383699753526,29,0.0,0.0,29,0.0,0.0,29,-0.6666340827941895,-0.5197421073913575,29,0.18687287386679982,0.6094619490521775,6.201057999976911
