variant,sampler,seed,ap,query_ap,cue_shuffled_ap,cue_shuffled_query_ap
gru,uniform,0,0.9990940502385357,0.9990940502385357,0.49823055068269245,0.4982461523622011
gru,uniform,1,0.9703672878492463,0.9703714910991993,0.4844284484276267,0.4846367370152544
gru,uniform,2,0.49928978067578184,0.5039967876181177,0.49870177220332984,0.5034268143118535
gru,uniform,3,0.9999955612396366,0.9999955612396366,0.49022680811614655,0.4930863362822599
gru,uniform,4,0.6041499628861903,0.6080304469325826,0.5027890177148328,0.510715239764022
gru,uniform,5,0.5326195745477164,0.5326195745477164,0.5260797136287502,0.5260797136287502
gru,uniform,6,0.9950799432461434,0.9950799432461434,0.4848484926776817,0.4848484926776817
gru,uniform,7,0.560930029400084,0.5679414636522404,0.4988198813224261,0.5085531881879802
gru,uniform,8,0.840626834304388,0.840626834304388,0.49718558413284614,0.4971855841328461
gru,uniform,9,0.9856951526670289,0.9857309275027318,0.4969967399321319,0.5028032652244139
gru,balanced,0,0.9996653392679262,0.9996653392679263,0.41633823716231005,0.48603044246187976
gru,balanced,1,0.9999844624990257,0.9999844624990257,0.33817001689823,0.49327825270541953
gru,balanced,2,0.9997834585225102,0.99978345852251,0.43462976974190787,0.48826731926065114
gru,balanced,3,1.0,1.0,0.433640197356552,0.48117977245251076
gru,balanced,4,0.9999955711353173,0.9999955711353173,0.419909825475933,0.49157487110866943
gru,balanced,5,0.9998585983205953,0.9998585983205953,0.4733189282690139,0.49747302935254745
gru,balanced,6,0.9996345781700551,0.999634578170055,0.41937026854260534,0.4973908065593122
gru,balanced,7,0.9999800535244097,0.9999800535244097,0.45097810006175065,0.48330049498250754
gru,balanced,8,1.0,1.0,0.46308288517012997,0.5017614350099057
gru,balanced,9,0.9993121108202754,0.9993121108202755,0.38531527361326756,0.504113308425777
gru_conv1,uniform,0,0.9952687898821625,0.9952687898821625,0.3906999819889938,0.4771155057428955
gru_conv1,uniform,1,0.7860458204889996,0.7860499679026179,0.4942812986265376,0.4942876456565752
gru_conv1,uniform,2,0.4968063586210182,0.5059041558127947,0.4949443339308866,0.5040614117783072
gru_conv1,uniform,3,0.5680663566922295,0.5686153802696754,0.49005866441516577,0.49076346701150986
gru_conv1,uniform,4,0.5016845150466515,0.5102959591786798,0.5012645237558562,0.5098799376317262
gru_conv1,uniform,5,0.5154520449195183,0.5154520449195185,0.5148718486133492,0.5148718486133493
gru_conv1,uniform,6,0.6271265703717314,0.6271265703717314,0.525649679893557,0.5256496798935572
gru_conv1,uniform,7,0.522272418134126,0.5229990665060672,0.5186026295936923,0.5193418054917339
gru_conv1,uniform,8,0.4946692179744381,0.4946692179744381,0.49355273683686307,0.4935527368368631
gru_conv1,uniform,9,0.5091891324580138,0.5091891324580138,0.5051707694088321,0.5051707694088321
gru_conv1,balanced,0,0.998025184750034,0.9981576272743395,0.36790846483437967,0.4883475199908598
gru_conv1,balanced,1,0.9999977822723725,0.9999977822723725,0.35643346431648015,0.492838779563496
gru_conv1,balanced,2,0.9997155473577806,0.9997155473577806,0.412839585668795,0.48296396804727665
gru_conv1,balanced,3,0.9999955612396366,0.9999955612396366,0.3993305436998732,0.4952402868861497
gru_conv1,balanced,4,0.9994098966963771,0.9994482949982942,0.33803493593175293,0.49428506720858223
gru_conv1,balanced,5,0.9999080412702975,0.9999080412702975,0.42676480056946753,0.5048247761274629
gru_conv1,balanced,6,1.0,1.0,0.4510055829156437,0.5002743480985579
gru_conv1,balanced,7,0.9999933501025815,0.9999933501025815,0.42790605257756703,0.48184576237112975
gru_conv1,balanced,8,0.9999955711353173,0.9999955711353173,0.40135962112918844,0.48372674057139575
gru_conv1,balanced,9,0.9999646013231754,0.9999646013231754,0.4617047366635619,0.5013294146627033
gru_conv4,uniform,0,1.0,1.0,0.4409842465298278,0.5026147067146458
gru_conv4,uniform,1,0.9993558424401296,0.9993558424401296,0.448043154629255,0.48985815636330354
gru_conv4,uniform,2,0.9944158807202441,0.9944500843541665,0.4007095454144677,0.4853802693454586
gru_conv4,uniform,3,0.9995964689293626,0.9995964689293626,0.4285247442275245,0.49366555980623783
gru_conv4,uniform,4,0.8857097199627233,0.8976981799398106,0.39877925344436393,0.4981992394355659
gru_conv4,uniform,5,0.9202073498903918,0.9426913268288318,0.3370797351795331,0.48495044285558353
gru_conv4,uniform,6,0.996233276372791,0.996233276372791,0.43050174075696973,0.4808570505827559
gru_conv4,uniform,7,0.9984890475232773,0.9985418260588771,0.41588095608958725,0.4904450979191185
gru_conv4,uniform,8,0.9981875050318489,0.9982388295655434,0.40555346315455887,0.493143853222456
gru_conv4,uniform,9,0.9990790589474439,0.9990849645319122,0.4615700588152534,0.4986056169270334
gru_conv4,balanced,0,0.9999977822723725,0.9999977822723725,0.4255318356689975,0.4849364625560741
gru_conv4,balanced,1,1.0,1.0,0.4042220392863065,0.4933564568284137
gru_conv4,balanced,2,0.9997611672625608,0.9997653712343392,0.41161242323223424,0.4802235925384337
gru_conv4,balanced,3,0.9999933665594998,0.9999933665594998,0.42617514368194537,0.48270927334212776
gru_conv4,balanced,4,0.9991687083023953,0.9992475661748467,0.38449306566844005,0.49123020385140376
gru_conv4,balanced,5,1.0,1.0,0.45587898789670456,0.49853509820356234
gru_conv4,balanced,6,0.9999515992765827,0.9999515992765828,0.3513561319004831,0.49010573469601343
gru_conv4,balanced,7,0.999835822155223,0.999835822155223,0.41483650626734536,0.47526785488936296
gru_conv4,balanced,8,1.0,1.0,0.4411202651225324,0.4985244529375072
gru_conv4,balanced,9,0.9999889474830228,0.9999889474830229,0.4274942465659122,0.5087812450256414
mamba_conv4,uniform,0,0.9154817463955511,0.9525500203856526,0.32204732146995624,0.5200525280402788
mamba_conv4,uniform,1,0.9767632419933567,0.9823624847703902,0.34863409214471675,0.48168756950822933
mamba_conv4,uniform,2,0.8821919138636721,0.922033586917134,0.31371625879456444,0.4775045660393173
mamba_conv4,uniform,3,0.9897231924620499,0.9904069954468001,0.44793544926652895,0.4979528895084374
mamba_conv4,uniform,4,0.872147553886044,0.8879483255233773,0.45331476333388004,0.49321381182844803
mamba_conv4,uniform,5,0.8566752910712094,0.8812889008632336,0.4060555908705125,0.4762740344559342
mamba_conv4,uniform,6,0.9985783536121898,0.998809257318083,0.3174537106837076,0.48639369399224575
mamba_conv4,uniform,7,0.9815037305119855,0.9818524970878848,0.49395611759019653,0.4952485020165667
mamba_conv4,uniform,8,0.6860559520992422,0.6879498408144542,0.48240395294463567,0.4907897943657741
mamba_conv4,uniform,9,0.9455076909785829,0.9539193667001024,0.37277168917441533,0.47422415432716175
mamba_conv4,balanced,0,0.7382777309306141,0.7382783079073945,0.48040059313536565,0.4811099307684039
mamba_conv4,balanced,1,0.9987133345506255,0.9987133345506254,0.34520361923502485,0.5011906626423872
mamba_conv4,balanced,2,0.9971888496640834,0.9985482443430966,0.29898669482907214,0.4983041258167477
mamba_conv4,balanced,3,0.9976571441548429,0.9980639517367992,0.4851782617771267,0.493383967394909
mamba_conv4,balanced,4,0.9458964395323836,0.9535274165908213,0.4303923108261039,0.4958988160514245
mamba_conv4,balanced,5,0.8616843144019303,0.8747498355057375,0.47088307643423877,0.4852804856807171
mamba_conv4,balanced,6,0.9779704806896438,0.9869277401533901,0.3614825566206812,0.4926996892457614
mamba_conv4,balanced,7,0.9913798070561032,0.9938691139651711,0.4126764875647036,0.4967521674685763
mamba_conv4,balanced,8,0.48688662987789444,0.48691539032380937,0.5009604486771679,0.5010142118898597
mamba_conv4,balanced,9,0.9944703293804037,0.9950514600209147,0.49540033890802637,0.5039204076267599
mamba_conv1,uniform,0,0.5054980562217801,0.5054980562217801,0.5048284445326077,0.5048284445326077
mamba_conv1,uniform,1,0.5134439689652159,0.5163325177878049,0.5130464083228966,0.5159323111508816
mamba_conv1,uniform,2,0.4885080690983282,0.4958963428776664,0.49158990205275344,0.49907056278292145
mamba_conv1,uniform,3,0.4289907990425894,0.505782457049086,0.43153415281715835,0.5096853405049186
mamba_conv1,uniform,4,0.5455887885373208,0.5455887885373208,0.506096470533607,0.506096470533607
mamba_conv1,uniform,5,0.4972431355244535,0.5051556051539672,0.4831395815642068,0.4915287063626819
mamba_conv1,uniform,6,0.5169582299273261,0.5189431027693945,0.5152488615446745,0.5172152382327659
mamba_conv1,uniform,7,0.5244421468744256,0.5244490690826971,0.5218974727337892,0.5219043949420606
mamba_conv1,uniform,8,0.5038592308629298,0.5038644202573211,0.5027818963172213,0.5027876565721225
mamba_conv1,uniform,9,0.4900237858953107,0.4997518136836598,0.48391412466256545,0.49353495554535365
mamba_conv1,balanced,0,0.5089290881301706,0.5089290881301706,0.4938168724385061,0.4938168724385061
mamba_conv1,balanced,1,0.6873667814869479,0.6875933569702712,0.47994546803127247,0.48017038109683235
mamba_conv1,balanced,2,0.5378524941974065,0.5378524941974065,0.49582000768632795,0.49582000768632795
mamba_conv1,balanced,3,0.594719697726827,0.594719697726827,0.5280933511426223,0.5280933511426225
mamba_conv1,balanced,4,0.7652214036305017,0.7920000513556941,0.45014392844807294,0.49030575493498774
mamba_conv1,balanced,5,0.5165176626707904,0.5165176626707904,0.5099322272499636,0.5099322272499637
mamba_conv1,balanced,6,0.4958090962003133,0.49640208078324566,0.495748041001114,0.4963610449340633
mamba_conv1,balanced,7,0.49764796018221397,0.5095117947530019,0.49844668488565086,0.5103340749245137
mamba_conv1,balanced,8,0.5167868568317447,0.5167868568317447,0.5127261391014769,0.5127261391014769
mamba_conv1,balanced,9,0.5308960984963239,0.530896098496324,0.5115700788223474,0.5115700788223474
