variant,sampler,metric,estimate,lower,upper,undefined_draws,confidence,seed_min,seed_max,seed_median,seed_sd,seed_ap_ge_0_9_count,seed_ap_lt_0_7_count,primary
gru,uniform,ap,0.7987848177054752,0.6680266305428814,0.9268238883283944,0,0.95,0.4992897806757818,0.9999955612396366,0.9054970610768174,0.22117538061022365,5,4,False
gru,uniform,query_ap,0.8003487080381293,0.6695787478818167,0.9271121914149649,0,0.95,0.5039967876181178,0.9999955612396366,0.9054991627017939,0.219260946253569,5,4,False
gru,uniform,cue_shuffled_ap,0.4978307008838464,0.4671267794249242,0.5312363221521146,0,0.95,0.4844284484276266,0.5260797136287502,0.4977080674077693,0.011697947124868886,5,4,False
gru,uniform,cue_shuffled_query_ap,0.5009581523587263,0.47019736781067706,0.534564316834305,0,0.95,0.4846367370152544,0.5260797136287502,0.5005247087933076,0.012485277263181825,5,4,False
gru,balanced,ap,0.9998214172260115,0.9994728939421679,0.9999747976445361,0,0.95,0.9993121108202757,1.0,0.9999193259225025,0.00022787616237271378,10,0,False
gru,balanced,query_ap,0.9998214172260115,0.9994728939421679,0.9999747976445361,0,0.95,0.9993121108202757,1.0,0.9999193259225025,0.00022787616237271378,10,0,False
gru,balanced,cue_shuffled_ap,0.4234753502291701,0.3831818822863714,0.46628367468603604,0,0.95,0.33817001689823,0.47331892826901395,0.4267750114162424,0.03923006206050387,10,0,False
gru,balanced,cue_shuffled_query_ap,0.4924369732319181,0.4606894547554691,0.5294176533689492,0,0.95,0.48117977245251076,0.504113308425777,0.4924265619070444,0.007769349629974528,10,0,False
gru_conv1,uniform,ap,0.601658122458889,0.5157604049743326,0.71302513061265,0,0.95,0.4946692179744382,0.9952687898821625,0.5188622315268223,0.16513447768073616,1,8,False
gru_conv1,uniform,query_ap,0.6035570285275699,0.5183729732659058,0.714194832311852,0,0.95,0.4946692179744382,0.9952687898821625,0.5192255557127929,0.16389897229486391,1,8,False
gru_conv1,uniform,cue_shuffled_ap,0.4929096467063735,0.4566144903872988,0.5295688956818125,0,0.95,0.39069998198899397,0.5256496798935574,0.49810442884337136,0.037853364980990914,1,8,False
gru_conv1,uniform,cue_shuffled_query_ap,0.503469480806535,0.47483463357818106,0.5357173076191755,0,0.95,0.4771155057428954,0.5256496798935574,0.5046160905935696,0.014745497737881691,1,8,False
gru_conv1,balanced,ap,0.9997005536147572,0.9991285175289817,0.9999763136043859,0,0.95,0.9980251847500342,1.0,0.9999789757128785,0.0006184341374199481,10,0,False
gru_conv1,balanced,query_ap,0.9997176376973794,0.9991752051540678,0.9999763136043859,0,0.95,0.9981576272743394,1.0,0.9999789757128785,0.0005765936569000229,10,0,False
gru_conv1,balanced,cue_shuffled_ap,0.404328778830671,0.36579217093065175,0.44775885593456904,0,0.95,0.3380349359317528,0.4617047366635618,0.4070996033989917,0.040347784740031756,10,0,False
gru_conv1,balanced,cue_shuffled_query_ap,0.49256766635276145,0.4602646540420331,0.52955879866692,0,0.95,0.4818457623711296,0.5048247761274629,0.4935619233860391,0.008163098783322508,10,0,False
gru_conv4,uniform,ap,0.9791274149818212,0.9521008214430432,0.9986942236276386,0,0.95,0.885709719962723,1.0,0.998338276277563,0.04099437859596332,9,0,False
gru_conv4,uniform,query_ap,0.9825890799021426,0.9593444999091174,0.998705728720178,0,0.95,0.8976981799398107,1.0,0.9983903278122104,0.03459315579549658,9,0,False
gru_conv4,uniform,cue_shuffled_ap,0.4167626898241341,0.3803316765914603,0.4571554013464125,0,0.95,0.3370797351795332,0.4615700588152534,0.42220285015855574,0.03489167993020393,9,0,False
gru_conv4,uniform,cue_shuffled_query_ap,0.4917719993172159,0.46065622918357313,0.5278895179057814,0,0.95,0.4808570505827558,0.502614706714646,0.49179447557078715,0.006855549382190191,9,0,False
gru_conv4,balanced,ap,0.9998697393311659,0.9996222418228615,0.999989003608019,0,0.95,0.9991687083023953,1.0,0.9999911570212613,0.00025988814223104823,10,0,False
gru_conv4,balanced,query_ap,0.9998780455155888,0.9996601810774202,0.9999891151086999,0,0.95,0.9992475661748466,1.0,0.9999911570212613,0.00023616059271263154,10,0,False
gru_conv4,balanced,cue_shuffled_ap,0.41427206452909004,0.37956987832389255,0.45364625772274936,0,0.95,0.3513561319004831,0.45587898789670445,0.4201841709681713,0.02953124979451761,10,0,False
gru_conv4,balanced,cue_shuffled_query_ap,0.49036703748685406,0.45872687605020096,0.5265282463278572,0,0.95,0.47526785488936285,0.5087812450256414,0.4906679692737087,0.01000611441746211,10,0,False
mamba_conv4,uniform,ap,0.9104628666873884,0.8476488628603265,0.9601631695674603,0,0.95,0.6860559520992421,0.9985783536121899,0.9304947186870671,0.09443474396754777,6,1,False
mamba_conv4,uniform,query_ap,0.9239121275827111,0.8597362304229236,0.9698103935771961,0,0.95,0.6879498408144543,0.998809257318083,0.9532346935428775,0.09268651207085354,6,1,False
mamba_conv4,uniform,cue_shuffled_ap,0.39582889462731136,0.34497801069052897,0.4481451932571778,0,0.95,0.3137162587945644,0.49395611759019653,0.38941364002246387,0.07018733276522085,6,1,False
mamba_conv4,uniform,cue_shuffled_query_ap,0.48933415440823935,0.4587511576579425,0.5251677868554213,0,0.95,0.4742241543271619,0.5200525280402789,0.48859174417900997,0.013646268415574788,6,1,False
mamba_conv4,balanced,ap,0.8990125060238526,0.7844097870094636,0.9809839852247298,0,0.95,0.4868866298778945,0.9987133345506255,0.9846751438728737,0.16748558585379597,7,1,False
mamba_conv4,balanced,query_ap,0.9024644795097757,0.7879580496633747,0.9842738661520827,0,0.95,0.48691539032380937,0.9987133345506255,0.9903984270592805,0.1682293603369112,7,1,False
mamba_conv4,balanced,cue_shuffled_ap,0.42815643880075116,0.3774263341162738,0.48016815328478296,0,0.95,0.2989866948290722,0.500960448677168,0.4506376936301715,0.07140238020264932,7,1,False
mamba_conv4,balanced,cue_shuffled_query_ap,0.4949554464585547,0.46472472521408353,0.5295535292635601,0,0.95,0.4811099307684039,0.5039204076267599,0.4963254917600005,0.007181380647264777,7,1,False
mamba_conv1,uniform,ap,0.501455621094968,0.46869815737541665,0.5370069502323105,0,0.95,0.42899079904258935,0.5455887885373206,0.5046786435423549,0.03064040225175689,0,10,False
mamba_conv1,uniform,query_ap,0.5121262173420698,0.48339333450724714,0.5454563331059434,0,0.95,0.4958963428776663,0.5455887885373206,0.505640256635433,0.014732113325269287,0,10,False
mamba_conv1,uniform,cue_shuffled_ap,0.495407731508148,0.46407476762997596,0.5302827137162498,0,0.95,0.43153415281715835,0.5218974727337892,0.5038051704249145,0.025907736749838227,0,10,False
mamba_conv1,uniform,cue_shuffled_query_ap,0.5062584081159921,0.47821969308759393,0.538810290045436,0,0.95,0.4915287063626819,0.5219043949420608,0.5054624575331073,0.010081941562332811,0,10,False
mamba_conv1,balanced,ap,0.565174713955324,0.5107958483748055,0.6315680663353773,0,0.95,0.4958090962003134,0.7652214036305016,0.5238414776640343,0.09127974573732926,0,9,False
mamba_conv1,balanced,query_ap,0.5691209181915476,0.5126489780407452,0.6393453472261358,0,0.95,0.49640208078324577,0.7920000513556938,0.5238414776640343,0.09705397423355237,0,9,False
mamba_conv1,balanced,cue_shuffled_ap,0.49762427988073554,0.4685394088995965,0.5315171671160885,0,0.95,0.450143928448073,0.5280933511426223,0.4971333462859895,0.021321022136574233,0,9,False
mamba_conv1,balanced,cue_shuffled_query_ap,0.5029129932331642,0.4743240712033983,0.5357195326646037,0,0.95,0.48017038109683247,0.5280933511426223,0.5031466360920135,0.013991196577829735,0,9,False
