split,generator_seed,n_records,positive_records,query_records,prevalence,query_only_ap,oracle_ap
tuning,510901,4096,50,88,0.01220703125,0.5681818181818182,1.0
validation,520001,8192,71,155,0.0086669921875,0.45806451612903226,1.0
test,530001,65536,671,1316,0.0102386474609375,0.5098784194528876,1.0
train_seed0,510000,4096,47,88,0.011474609375,0.5340909090909091,1.0
train_seed1,510001,4096,39,97,0.009521484375,0.4020618556701031,1.0
train_seed2,510002,4096,36,76,0.0087890625,0.47368421052631576,1.0
train_seed3,510003,4096,40,83,0.009765625,0.4819277108433735,1.0
train_seed4,510004,4096,32,83,0.0078125,0.3855421686746988,1.0
train_seed5,510005,4096,39,74,0.009521484375,0.527027027027027,1.0
train_seed6,510006,4096,43,73,0.010498046875,0.589041095890411,1.0
train_seed7,510007,4096,38,75,0.00927734375,0.5066666666666667,1.0
train_seed8,510008,4096,49,89,0.011962890625,0.550561797752809,1.0
train_seed9,510009,4096,37,88,0.009033203125,0.42045454545454547,1.0
