variant,sampler,seed,n_train,parameters,train_positive_records,train_prevalence,ap,query_ap,cue_shuffled_ap,cue_shuffled_query_ap,training_best_val_ap,training_best_step,training_steps,training_batch,training_lr,training_device,training_seconds,training_peak_allocated_bytes,training_initial_state_sha256,training_batch_indices_sha256,training_train_prevalence,training_train_positives,training_pos_weight,training_balanced_loss_multiplier,training_positive_presentations,training_total_presentations,training_zero_positive_batches,training_unique_positive_visited,training_unique_negative_visited,training_visits_sha256
gru,uniform,0,4096,19169,47,0.011474609375,0.9990940502385356,0.9990940502385356,0.4982305506826924,0.49824615236220104,0.9986104311505127,400,400,32,0.003,cuda,1.4784653999959119,122076672,f5503ec1f2d11e09ad5c0616cb8c5702331d53b124f19d2672811d758dc4477a,73daa14ecec704eff2a1430d6aa47805d805d3025bb5d558d4f9c2f4a9d3b4c8,0.011474609375,47,86.14893341064453,1.97705078125,167,12800,256,46,3879,c7fe48ace1d66bd6f8f50fd282a9ff22c7bd78d2487435ad27b6395b75a5bcd7
gru,uniform,1,4096,19169,39,0.009521484375,0.9703672878492469,0.9703714910991997,0.4844284484276266,0.4846367370152544,0.9830154097132673,400,400,32,0.003,cuda,1.415903499990236,122076672,aa5c60ea69ce3bbde0abe6807b7a3b4d41ca5f3286928374282f82cf5ac4b0f8,7d2b29e12ec8cfd895d18073a3687bb9f8728119539bbd60d11f3e8c79df921b,0.009521484375,39,104.02564239501953,1.98095703125,116,12800,297,36,3885,36f18d8e960ef269b3803f794ba2712fd5948fc2bfd4895fcc044dbbd1f6cff7
gru,uniform,2,4096,19169,36,0.0087890625,0.4992897806757818,0.5039967876181178,0.4987017722033298,0.5034268143118534,0.4626765336140818,300,400,32,0.003,cuda,1.4674370000138879,122076672,f88d7a6b3e73fcb489afa9d1a22b515b7b9bb09f0a7f73f3f2ed3fdf296d9ca1,55fb8c96b25e6119642795a6c4b09071161680a5a5e9b607b3f0ebd07b64d680,0.0087890625,36,112.77777862548828,1.982421875,119,12800,296,35,3869,a09a139371fd157417fceafd9cbb6be946af963331211e04109ed3d7e4f254e9
gru,uniform,3,4096,19169,40,0.009765625,0.9999955612396366,0.9999955612396366,0.49022680811614655,0.4930863362822597,0.9998043818466352,400,400,32,0.003,cuda,1.5568793999846093,122076672,28dcc6390750979ed512975d3a997a6750733d04ba604f1f039b3bddf135f0ea,6844b22f3b08a5fd1dcbe27234d8cf196ec2bd4ca2055e095ccada12bf14b68b,0.009765625,40,101.4000015258789,1.98046875,137,12800,283,39,3885,3cbec3940edc2179b538e5bff00a1becc51fc030137088a456f2857073cb1fe1
gru,uniform,4,4096,19169,32,0.0078125,0.6041499628861904,0.6080304469325825,0.5027890177148328,0.510715239764022,0.600180026026579,400,400,32,0.003,cuda,1.4183502000523731,122076672,10938c55fdb793a6107791306577eaba21122bba25c901f52b73ff2ece03398b,16d1f38bb588ae4f1f480a99c41b154a072b670f8dc330305e0ca7e9b9a0051c,0.0078125,32,127.0,1.984375,94,12800,318,31,3871,e6ab718e55a8353de0ea7e18d6bcf8db825075396805e7f5ca6eab3e7a960630
gru,uniform,5,4096,19169,39,0.009521484375,0.5326195745477164,0.5326195745477164,0.5260797136287502,0.5260797136287502,0.5100707772836067,300,400,32,0.003,cuda,1.4215347000281326,122076672,5960f589de6d16cbc4bf914ee58747662eed8e999dd6f66eaf35caeff1482852,1b01073702382a3771b4c483fe16a2071b25cd60b8a8c897ca5e7b52f80bf125,0.009521484375,39,104.02564239501953,1.98095703125,102,12800,308,37,3878,b1c2bfd13e277734807097001759142b61a0fae74c6a74cdfc70babdef13ea7c
gru,uniform,6,4096,19169,43,0.010498046875,0.9950799432461435,0.9950799432461435,0.4848484926776817,0.4848484926776817,0.988288937877131,400,400,32,0.003,cuda,1.387996600009501,122076672,a25f2205c6938e9e3513910b6bf730b96505ab326b28a32ababdad3e8e59df34,fc5d0128d1970887729eb3e3aaf101af410bc67ec9c759bbdb5d54741797c418,0.010498046875,43,94.25581359863281,1.97900390625,137,12800,277,41,3879,f4e35a70c270680ed16cf533d97626cb206c4b91390c9495b33f9595ed1ed783
gru,uniform,7,4096,19169,38,0.00927734375,0.560930029400084,0.5679414636522403,0.49881988132242633,0.5085531881879803,0.5739910691164113,400,400,32,0.003,cuda,1.4276099000126123,122076672,6652102f98defbc824a4596f2a7b6a60de371c4be16941a95f2c95be6d124894,1e66b75a230fa7384e99e7bf0d3f23ea75060016e159586da95abcdcaaf82c60,0.00927734375,38,106.78947448730469,1.9814453125,106,12800,306,37,3862,d65e2d4dd2b008d68b1faab754a566c312cc33cbbf8f4c0d52a292fafe31d595
gru,uniform,8,4096,19169,49,0.011962890625,0.8406268343043879,0.8406268343043879,0.4971855841328462,0.4971855841328462,0.7873175885150958,400,400,32,0.003,cuda,1.410554800007958,122076672,c4d0369bc9df177fd1bd073b5e96a7e92fc8dfec09065509ed31620198da84ab,d58a71161118f8d4a2d8556b95607cbffc35210ac6dcb78845b203f934aebbac,0.011962890625,49,82.59183502197266,1.97607421875,135,12800,292,44,3859,61f8e05ef51e3d61cdd30bfb9b5fd7bbabc3111720928403c38d1f3db4b46e9e
gru,uniform,9,4096,19169,37,0.009033203125,0.9856951526670292,0.9857309275027322,0.49699673993213167,0.5028032652244141,0.9749203790004468,400,400,32,0.003,cuda,1.5249211000045761,122076672,7fda8d767000a283678f2a595214a1d27fca38d69460e9581a6b7a83dcecfdc2,872fdcf3ef8590d801b5dfa8ad8ff6f96ec33a556dacb24a158787a8dfa75158,0.009033203125,37,109.70270538330078,1.98193359375,114,12800,297,35,3897,919455c89cb29500fad20c2a9dce828baa7859cd329d8b45a98194e3b79a35a1
gru,balanced,0,4096,19169,47,0.011474609375,0.9996653392679262,0.9996653392679262,0.41633823716231005,0.4860304424618798,0.9998043818466352,400,400,32,0.003,cuda,1.3787574999732897,122076672,f5503ec1f2d11e09ad5c0616cb8c5702331d53b124f19d2672811d758dc4477a,75f254a9a148c43f70e8c889876b6f07c0d43f804ff1f91ab63d9d6cd526de1c,0.011474609375,47,86.14893341064453,1.97705078125,6400,12800,0,47,3256,425c354eb47cc790408b0e722fc6e9d84932c804d24529a745db2583740f11b2
gru,balanced,1,4096,19169,39,0.009521484375,0.9999844624990258,0.9999844624990258,0.33817001689823,0.4932782527054195,0.9999999999999999,300,400,32,0.003,cuda,1.435155700019095,122076672,aa5c60ea69ce3bbde0abe6807b7a3b4d41ca5f3286928374282f82cf5ac4b0f8,12145b6c4f353dfa17777380fde8a5ad8802a3c732ceb5a175f52353710a6221,0.009521484375,39,104.02564239501953,1.98095703125,6400,12800,0,39,3236,ad084ded304b0cd5054477d2d3d5814f307f1e4ff320f50d4e55345c5023d4f3
gru,balanced,2,4096,19169,36,0.0087890625,0.9997834585225104,0.9997834585225104,0.4346297697419079,0.4882673192606512,1.0,400,400,32,0.003,cuda,1.3701442000456154,122076672,f88d7a6b3e73fcb489afa9d1a22b515b7b9bb09f0a7f73f3f2ed3fdf296d9ca1,00c7634653f15126cdcb63785da06e5e874a014e87dcbebae2f8517379b01c51,0.0087890625,36,112.77777862548828,1.982421875,6400,12800,0,36,3212,5d19d7837c8804994379dd6481898902dd8837e045c2f0ebb102d2b91ee31127
gru,balanced,3,4096,19169,40,0.009765625,1.0,1.0,0.433640197356552,0.48117977245251076,0.9999999999999999,200,400,32,0.003,cuda,1.44002930005081,122076672,28dcc6390750979ed512975d3a997a6750733d04ba604f1f039b3bddf135f0ea,64fef6677c46e1d01f392c4e1931aee7848aaa7d174e70b7804423b3ba8bebfc,0.009765625,40,101.4000015258789,1.98046875,6400,12800,0,40,3208,60ccc19b92a8d0b2da639c45d5ac525bbabded8b5b0a423b8b25f79541ad9b76
gru,balanced,4,4096,19169,32,0.0078125,0.9999955711353173,0.9999955711353173,0.4199098254759328,0.4915748711086694,0.9999999999999999,400,400,32,0.003,cuda,1.362284200033173,122076672,10938c55fdb793a6107791306577eaba21122bba25c901f52b73ff2ece03398b,cc57233735bdad9a21c4f47f837d54080d0bd55fb73d409f3514169fe51ef861,0.0078125,32,127.0,1.984375,6400,12800,0,32,3216,fb561e2fe49a2f2081e1717585731ca394985509bd034304ca60230c15164b01
gru,balanced,5,4096,19169,39,0.009521484375,0.9998585983205954,0.9998585983205954,0.47331892826901395,0.49747302935254756,0.9999999999999999,400,400,32,0.003,cuda,1.3899272000417113,122076672,5960f589de6d16cbc4bf914ee58747662eed8e999dd6f66eaf35caeff1482852,31478788791e1f8977e3d947e29fbf6c71df03eb5f2e519de25fc20d3e7762e9,0.009521484375,39,104.02564239501953,1.98095703125,6400,12800,0,39,3221,577e33f361827ca7230bdb07e63f41252dcf773da9915b02a79125df1f3bc76c
gru,balanced,6,4096,19169,43,0.010498046875,0.999634578170055,0.999634578170055,0.4193702685426055,0.4973908065593123,1.0,200,400,32,0.003,cuda,1.394009699986782,122076672,a25f2205c6938e9e3513910b6bf730b96505ab326b28a32ababdad3e8e59df34,efdecaa8e9e0a2d3536327262f92b680ff7e611687e5c98cfffe9f04810a7b41,0.010498046875,43,94.25581359863281,1.97900390625,6400,12800,0,43,3251,6f6e4b28927c17b08af057438eeae412e729aae4ff375f0f829d0a7cc245b2ed
gru,balanced,7,4096,19169,38,0.00927734375,0.9999800535244098,0.9999800535244098,0.45097810006175065,0.48330049498250754,0.9999999999999999,300,400,32,0.003,cuda,1.4498179000220262,122076672,6652102f98defbc824a4596f2a7b6a60de371c4be16941a95f2c95be6d124894,05a59dc5f08a38447082037196f447a16d04df18e9a4b32e50857e53c07d0115,0.00927734375,38,106.78947448730469,1.9814453125,6400,12800,0,38,3192,1ad08c8a60939d4089eb0fabbcf307bab2b6cb1eb5ee37791f6b5e2f03c738c0
gru,balanced,8,4096,19169,49,0.011962890625,1.0,1.0,0.46308288517013,0.5017614350099059,1.0,400,400,32,0.003,cuda,1.3935424000374041,122076672,c4d0369bc9df177fd1bd073b5e96a7e92fc8dfec09065509ed31620198da84ab,4bc0938450afb55daf1e8cc38a44f7512aa9975a01ba4d39242fb2dde1722d29,0.011962890625,49,82.59183502197266,1.97607421875,6400,12800,0,49,3237,2a4ba9affc16ae094cd41c35e55ca029edb3a68c9d452f869a29aabbac2bd811
gru,balanced,9,4096,19169,37,0.009033203125,0.9993121108202757,0.9993121108202757,0.3853152736132677,0.504113308425777,1.0,200,400,32,0.003,cuda,1.3729696999653243,122076672,7fda8d767000a283678f2a595214a1d27fca38d69460e9581a6b7a83dcecfdc2,96abd6724d6534d12cf28cbaa89fc9d3f2d316d54bdcf1ebacc30a5557e2d09a,0.009033203125,37,109.70270538330078,1.98193359375,6400,12800,0,37,3222,9fcea6ca0685244d2c3139907439f3e66e010dd5cbf7a262a5a86783171d96d4
gru_conv1,uniform,0,4096,19233,47,0.011474609375,0.9952687898821625,0.9952687898821625,0.39069998198899397,0.4771155057428954,0.9973599818562792,400,400,32,0.003,cuda,1.5693139999639243,122080768,a548413fe0a8869e4e485a6670139048f45317b9248f00b0f38a32af33b1ae2d,73daa14ecec704eff2a1430d6aa47805d805d3025bb5d558d4f9c2f4a9d3b4c8,0.011474609375,47,86.14893341064453,1.97705078125,167,12800,256,46,3879,c7fe48ace1d66bd6f8f50fd282a9ff22c7bd78d2487435ad27b6395b75a5bcd7
gru_conv1,uniform,1,4096,19233,39,0.009521484375,0.7860458204890002,0.7860499679026179,0.4942812986265374,0.4942876456565751,0.8345546968009955,400,400,32,0.003,cuda,1.5897629999672063,122080768,7e368b72266e5a46f79c25bdc7836dbdde8dae4f2a1405503a16f374c330fe9a,7d2b29e12ec8cfd895d18073a3687bb9f8728119539bbd60d11f3e8c79df921b,0.009521484375,39,104.02564239501953,1.98095703125,116,12800,297,36,3885,36f18d8e960ef269b3803f794ba2712fd5948fc2bfd4895fcc044dbbd1f6cff7
gru_conv1,uniform,2,4096,19233,36,0.0087890625,0.4968063586210184,0.5059041558127946,0.4949443339308866,0.5040614117783071,0.44520928316957326,300,400,32,0.003,cuda,1.6119980000075884,122080768,bf51747eeede0c8e11561fc5531470af076acba3f36e8c4be9f1d5d2f16951c1,55fb8c96b25e6119642795a6c4b09071161680a5a5e9b607b3f0ebd07b64d680,0.0087890625,36,112.77777862548828,1.982421875,119,12800,296,35,3869,a09a139371fd157417fceafd9cbb6be946af963331211e04109ed3d7e4f254e9
gru_conv1,uniform,3,4096,19233,40,0.009765625,0.5680663566922294,0.5686153802696753,0.4900586644151658,0.4907634670115097,0.5295613869162226,400,400,32,0.003,cuda,1.8544521000003442,122080768,3ddb73f5b8cc82a655076887b4228d056f3cfdb346673847ac85d350079fedef,6844b22f3b08a5fd1dcbe27234d8cf196ec2bd4ca2055e095ccada12bf14b68b,0.009765625,40,101.4000015258789,1.98046875,137,12800,283,39,3885,3cbec3940edc2179b538e5bff00a1becc51fc030137088a456f2857073cb1fe1
gru_conv1,uniform,4,4096,19233,32,0.0078125,0.5016845150466513,0.5102959591786798,0.5012645237558561,0.5098799376317261,0.5104115714070092,400,400,32,0.003,cuda,1.5782070000423118,122080768,1e352b5712cdc7949cc9f96df798f70a27772b2c2e650ccc9ee523fccb305a56,16d1f38bb588ae4f1f480a99c41b154a072b670f8dc330305e0ca7e9b9a0051c,0.0078125,32,127.0,1.984375,94,12800,318,31,3871,e6ab718e55a8353de0ea7e18d6bcf8db825075396805e7f5ca6eab3e7a960630
gru_conv1,uniform,5,4096,19233,39,0.009521484375,0.5154520449195186,0.5154520449195186,0.5148718486133493,0.5148718486133493,0.495906600448729,400,400,32,0.003,cuda,1.563364300003741,122080768,0cfd4128a65d0d09c5cf5e8b17b89af2d4eb0353596c266357c3fa99b0b93b18,1b01073702382a3771b4c483fe16a2071b25cd60b8a8c897ca5e7b52f80bf125,0.009521484375,39,104.02564239501953,1.98095703125,102,12800,308,37,3878,b1c2bfd13e277734807097001759142b61a0fae74c6a74cdfc70babdef13ea7c
gru_conv1,uniform,6,4096,19233,43,0.010498046875,0.6271265703717316,0.6271265703717316,0.5256496798935574,0.5256496798935574,0.5441694290915544,400,400,32,0.003,cuda,1.6469054999761283,122080768,9eeee4e74608c8a732cb4cd1fbfffab3ab5f2c29672daa63a0ce1182e26c0c11,fc5d0128d1970887729eb3e3aaf101af410bc67ec9c759bbdb5d54741797c418,0.010498046875,43,94.25581359863281,1.97900390625,137,12800,277,41,3879,f4e35a70c270680ed16cf533d97626cb206c4b91390c9495b33f9595ed1ed783
gru_conv1,uniform,7,4096,19233,38,0.00927734375,0.522272418134126,0.5229990665060672,0.5186026295936923,0.5193418054917341,0.5558488320466761,400,400,32,0.003,cuda,1.7428029999719001,122080768,117f6525f4c0ce0171afdec4a3adf4accc32767fd2e8ce9f1ceca0667599dc02,1e66b75a230fa7384e99e7bf0d3f23ea75060016e159586da95abcdcaaf82c60,0.00927734375,38,106.78947448730469,1.9814453125,106,12800,306,37,3862,d65e2d4dd2b008d68b1faab754a566c312cc33cbbf8f4c0d52a292fafe31d595
gru_conv1,uniform,8,4096,19233,49,0.011962890625,0.4946692179744382,0.4946692179744382,0.4935527368368632,0.4935527368368632,0.4940165445470323,300,400,32,0.003,cuda,1.5732858999981545,122080768,5d9597dce8222106d0446611a03c71d80ec00f25d372afe30e79b2b7c1a43c12,d58a71161118f8d4a2d8556b95607cbffc35210ac6dcb78845b203f934aebbac,0.011962890625,49,82.59183502197266,1.97607421875,135,12800,292,44,3859,61f8e05ef51e3d61cdd30bfb9b5fd7bbabc3111720928403c38d1f3db4b46e9e
gru_conv1,uniform,9,4096,19233,37,0.009033203125,0.5091891324580139,0.5091891324580139,0.5051707694088321,0.5051707694088321,0.5454239221032187,400,400,32,0.003,cuda,1.6435373999993317,122080768,b661ec45ffcaf7c1581b426dd0c50ad325965c4b489da094314fa6b376f02be1,872fdcf3ef8590d801b5dfa8ad8ff6f96ec33a556dacb24a158787a8dfa75158,0.009033203125,37,109.70270538330078,1.98193359375,114,12800,297,35,3897,919455c89cb29500fad20c2a9dce828baa7859cd329d8b45a98194e3b79a35a1
gru_conv1,balanced,0,4096,19233,47,0.011474609375,0.9980251847500342,0.9981576272743394,0.3679084648343797,0.48834751999085974,0.9999999999999998,400,400,32,0.003,cuda,1.7136404000339098,122080768,a548413fe0a8869e4e485a6670139048f45317b9248f00b0f38a32af33b1ae2d,75f254a9a148c43f70e8c889876b6f07c0d43f804ff1f91ab63d9d6cd526de1c,0.011474609375,47,86.14893341064453,1.97705078125,6400,12800,0,47,3256,425c354eb47cc790408b0e722fc6e9d84932c804d24529a745db2583740f11b2
gru_conv1,balanced,1,4096,19233,39,0.009521484375,0.9999977822723725,0.9999977822723725,0.3564334643164802,0.4928387795634959,0.9999999999999999,400,400,32,0.003,cuda,1.5918077999958768,122080768,7e368b72266e5a46f79c25bdc7836dbdde8dae4f2a1405503a16f374c330fe9a,12145b6c4f353dfa17777380fde8a5ad8802a3c732ceb5a175f52353710a6221,0.009521484375,39,104.02564239501953,1.98095703125,6400,12800,0,39,3236,ad084ded304b0cd5054477d2d3d5814f307f1e4ff320f50d4e55345c5023d4f3
gru_conv1,balanced,2,4096,19233,36,0.0087890625,0.9997155473577803,0.9997155473577803,0.412839585668795,0.4829639680472767,0.9998043818466352,400,400,32,0.003,cuda,1.5725515999947675,122080768,bf51747eeede0c8e11561fc5531470af076acba3f36e8c4be9f1d5d2f16951c1,00c7634653f15126cdcb63785da06e5e874a014e87dcbebae2f8517379b01c51,0.0087890625,36,112.77777862548828,1.982421875,6400,12800,0,36,3212,5d19d7837c8804994379dd6481898902dd8837e045c2f0ebb102d2b91ee31127
gru_conv1,balanced,3,4096,19233,40,0.009765625,0.9999955612396366,0.9999955612396366,0.39933054369987336,0.49524028688614957,0.9999999999999999,400,400,32,0.003,cuda,1.6323687999974936,122080768,3ddb73f5b8cc82a655076887b4228d056f3cfdb346673847ac85d350079fedef,64fef6677c46e1d01f392c4e1931aee7848aaa7d174e70b7804423b3ba8bebfc,0.009765625,40,101.4000015258789,1.98046875,6400,12800,0,40,3208,60ccc19b92a8d0b2da639c45d5ac525bbabded8b5b0a423b8b25f79541ad9b76
gru_conv1,balanced,4,4096,19233,32,0.0078125,0.999409896696377,0.9994482949982942,0.3380349359317528,0.49428506720858223,0.9958584842387658,400,400,32,0.003,cuda,1.596410600002855,122080768,1e352b5712cdc7949cc9f96df798f70a27772b2c2e650ccc9ee523fccb305a56,cc57233735bdad9a21c4f47f837d54080d0bd55fb73d409f3514169fe51ef861,0.0078125,32,127.0,1.984375,6400,12800,0,32,3216,fb561e2fe49a2f2081e1717585731ca394985509bd034304ca60230c15164b01
gru_conv1,balanced,5,4096,19233,39,0.009521484375,0.9999080412702973,0.9999080412702973,0.42676480056946753,0.5048247761274629,0.9996141230947326,400,400,32,0.003,cuda,1.6133562000468373,122080768,0cfd4128a65d0d09c5cf5e8b17b89af2d4eb0353596c266357c3fa99b0b93b18,31478788791e1f8977e3d947e29fbf6c71df03eb5f2e519de25fc20d3e7762e9,0.009521484375,39,104.02564239501953,1.98095703125,6400,12800,0,39,3221,577e33f361827ca7230bdb07e63f41252dcf773da9915b02a79125df1f3bc76c
gru_conv1,balanced,6,4096,19233,43,0.010498046875,1.0,1.0,0.4510055829156439,0.500274348098558,1.0,400,400,32,0.003,cuda,1.5435013000387698,122080768,9eeee4e74608c8a732cb4cd1fbfffab3ab5f2c29672daa63a0ce1182e26c0c11,efdecaa8e9e0a2d3536327262f92b680ff7e611687e5c98cfffe9f04810a7b41,0.010498046875,43,94.25581359863281,1.97900390625,6400,12800,0,43,3251,6f6e4b28927c17b08af057438eeae412e729aae4ff375f0f829d0a7cc245b2ed
gru_conv1,balanced,7,4096,19233,38,0.00927734375,0.9999933501025815,0.9999933501025815,0.4279060525775671,0.4818457623711296,1.0,400,400,32,0.003,cuda,1.6170811000047252,122080768,117f6525f4c0ce0171afdec4a3adf4accc32767fd2e8ce9f1ceca0667599dc02,05a59dc5f08a38447082037196f447a16d04df18e9a4b32e50857e53c07d0115,0.00927734375,38,106.78947448730469,1.9814453125,6400,12800,0,38,3192,1ad08c8a60939d4089eb0fabbcf307bab2b6cb1eb5ee37791f6b5e2f03c738c0
gru_conv1,balanced,8,4096,19233,49,0.011962890625,0.9999955711353173,0.9999955711353173,0.40135962112918844,0.4837267405713958,0.9999999999999999,400,400,32,0.003,cuda,1.5841743999626487,122080768,5d9597dce8222106d0446611a03c71d80ec00f25d372afe30e79b2b7c1a43c12,4bc0938450afb55daf1e8cc38a44f7512aa9975a01ba4d39242fb2dde1722d29,0.011962890625,49,82.59183502197266,1.97607421875,6400,12800,0,49,3237,2a4ba9affc16ae094cd41c35e55ca029edb3a68c9d452f869a29aabbac2bd811
gru_conv1,balanced,9,4096,19233,37,0.009033203125,0.9999646013231754,0.9999646013231754,0.4617047366635618,0.5013294146627033,0.9999999999999999,400,400,32,0.003,cuda,1.5417164999525994,122080768,b661ec45ffcaf7c1581b426dd0c50ad325965c4b489da094314fa6b376f02be1,96abd6724d6534d12cf28cbaa89fc9d3f2d316d54bdcf1ebacc30a5557e2d09a,0.009033203125,37,109.70270538330078,1.98193359375,6400,12800,0,37,3222,9fcea6ca0685244d2c3139907439f3e66e010dd5cbf7a262a5a86783171d96d4
gru_conv4,uniform,0,4096,19329,47,0.011474609375,1.0,1.0,0.44098424652982776,0.502614706714646,0.9999999999999999,400,400,32,0.003,cuda,1.7362724000122398,122080768,a1f8a3b44ef912347dc268b071e65a4173f7b02bc3667094a4c006da35a0d656,73daa14ecec704eff2a1430d6aa47805d805d3025bb5d558d4f9c2f4a9d3b4c8,0.011474609375,47,86.14893341064453,1.97705078125,167,12800,256,46,3879,c7fe48ace1d66bd6f8f50fd282a9ff22c7bd78d2487435ad27b6395b75a5bcd7
gru_conv4,uniform,1,4096,19329,39,0.009521484375,0.9993558424401296,0.9993558424401296,0.44804315462925504,0.4898581563633035,0.9994157497561095,400,400,32,0.003,cuda,1.6298379999934696,122080768,eca6454c825b053e69a36bdd3c5e249258c45d62795101f0952cb537d67df274,7d2b29e12ec8cfd895d18073a3687bb9f8728119539bbd60d11f3e8c79df921b,0.009521484375,39,104.02564239501953,1.98095703125,116,12800,297,36,3885,36f18d8e960ef269b3803f794ba2712fd5948fc2bfd4895fcc044dbbd1f6cff7
gru_conv4,uniform,2,4096,19329,36,0.0087890625,0.9944158807202443,0.9944500843541666,0.4007095454144676,0.4853802693454585,0.9951431978941809,400,400,32,0.003,cuda,1.6626210000249557,122080768,9784c9acb23a99190a1c46a2e0eae8a6fe797fe51a83bd04c7ae94578983a9e0,55fb8c96b25e6119642795a6c4b09071161680a5a5e9b607b3f0ebd07b64d680,0.0087890625,36,112.77777862548828,1.982421875,119,12800,296,35,3869,a09a139371fd157417fceafd9cbb6be946af963331211e04109ed3d7e4f254e9
gru_conv4,uniform,3,4096,19329,40,0.009765625,0.9995964689293624,0.9995964689293624,0.4285247442275244,0.4936655598062378,0.9999999999999999,400,400,32,0.003,cuda,1.624510299996473,122080768,85594be1c6237da425f58f3ce600f1ef3cdd40f0aa8912f0598a25760b654e8a,6844b22f3b08a5fd1dcbe27234d8cf196ec2bd4ca2055e095ccada12bf14b68b,0.009765625,40,101.4000015258789,1.98046875,137,12800,283,39,3885,3cbec3940edc2179b538e5bff00a1becc51fc030137088a456f2857073cb1fe1
gru_conv4,uniform,4,4096,19329,32,0.0078125,0.885709719962723,0.8976981799398107,0.3987792534443637,0.4981992394355658,0.8575766645735368,400,400,32,0.003,cuda,1.5573655999614857,122080768,cc8cb9ad6adbb1c97eb860fc0ff46756f24db6bbcf95fd720c9e60efd4154491,16d1f38bb588ae4f1f480a99c41b154a072b670f8dc330305e0ca7e9b9a0051c,0.0078125,32,127.0,1.984375,94,12800,318,31,3871,e6ab718e55a8353de0ea7e18d6bcf8db825075396805e7f5ca6eab3e7a960630
gru_conv4,uniform,5,4096,19329,39,0.009521484375,0.9202073498903915,0.9426913268288323,0.3370797351795332,0.4849504428555834,0.9050294337010945,400,400,32,0.003,cuda,1.5841011999873444,122080768,121ca8dac6cadf415e3b15ba78ca99906acbdaa01c7851d744346c20acece4f3,1b01073702382a3771b4c483fe16a2071b25cd60b8a8c897ca5e7b52f80bf125,0.009521484375,39,104.02564239501953,1.98095703125,102,12800,308,37,3878,b1c2bfd13e277734807097001759142b61a0fae74c6a74cdfc70babdef13ea7c
gru_conv4,uniform,6,4096,19329,43,0.010498046875,0.9962332763727914,0.9962332763727914,0.4305017407569698,0.4808570505827558,0.999606008508012,400,400,32,0.003,cuda,1.6514160000369884,122080768,8d56302a3380fc8ba8f05d08266f31ec9eba91b5b2050ca9c045427efabf62a0,fc5d0128d1970887729eb3e3aaf101af410bc67ec9c759bbdb5d54741797c418,0.010498046875,43,94.25581359863281,1.97900390625,137,12800,277,41,3879,f4e35a70c270680ed16cf533d97626cb206c4b91390c9495b33f9595ed1ed783
gru_conv4,uniform,7,4096,19329,38,0.00927734375,0.998489047523277,0.9985418260588771,0.4158809560895871,0.49044509791911844,0.9962769448230602,400,400,32,0.003,cuda,1.6084465000312775,122080768,af1c53b9d394acc8989b7806e4431f8395bebc9497431f6549f8eacfcb7f1254,1e66b75a230fa7384e99e7bf0d3f23ea75060016e159586da95abcdcaaf82c60,0.00927734375,38,106.78947448730469,1.9814453125,106,12800,306,37,3862,d65e2d4dd2b008d68b1faab754a566c312cc33cbbf8f4c0d52a292fafe31d595
gru_conv4,uniform,8,4096,19329,49,0.011962890625,0.9981875050318488,0.9982388295655436,0.40555346315455887,0.4931438532224559,0.9994290064712599,400,400,32,0.003,cuda,1.592252699949313,122080768,2f1c66b26b916004b5538d819fbcb714a404d08fbd5c0e53c88154a3bd8af979,d58a71161118f8d4a2d8556b95607cbffc35210ac6dcb78845b203f934aebbac,0.011962890625,49,82.59183502197266,1.97607421875,135,12800,292,44,3859,61f8e05ef51e3d61cdd30bfb9b5fd7bbabc3111720928403c38d1f3db4b46e9e
gru_conv4,uniform,9,4096,19329,37,0.009033203125,0.999079058947444,0.9990849645319121,0.4615700588152534,0.4986056169270334,0.9975641051467466,400,400,32,0.003,cuda,1.5726766000152566,122080768,a7d75c353f5665789a788fe39fff2bdf80665de97afcb4b499af3dd4a032b616,872fdcf3ef8590d801b5dfa8ad8ff6f96ec33a556dacb24a158787a8dfa75158,0.009033203125,37,109.70270538330078,1.98193359375,114,12800,297,35,3897,919455c89cb29500fad20c2a9dce828baa7859cd329d8b45a98194e3b79a35a1
gru_conv4,balanced,0,4096,19329,47,0.011474609375,0.9999977822723725,0.9999977822723725,0.4255318356689974,0.4849364625560739,1.0,300,400,32,0.003,cuda,1.6121971999527887,122080768,a1f8a3b44ef912347dc268b071e65a4173f7b02bc3667094a4c006da35a0d656,75f254a9a148c43f70e8c889876b6f07c0d43f804ff1f91ab63d9d6cd526de1c,0.011474609375,47,86.14893341064453,1.97705078125,6400,12800,0,47,3256,425c354eb47cc790408b0e722fc6e9d84932c804d24529a745db2583740f11b2
gru_conv4,balanced,1,4096,19329,39,0.009521484375,1.0,1.0,0.40422203928630623,0.4933564568284137,1.0,300,400,32,0.003,cuda,1.557809600024484,122080768,eca6454c825b053e69a36bdd3c5e249258c45d62795101f0952cb537d67df274,12145b6c4f353dfa17777380fde8a5ad8802a3c732ceb5a175f52353710a6221,0.009521484375,39,104.02564239501953,1.98095703125,6400,12800,0,39,3236,ad084ded304b0cd5054477d2d3d5814f307f1e4ff320f50d4e55345c5023d4f3
gru_conv4,balanced,2,4096,19329,36,0.0087890625,0.9997611672625608,0.9997653712343391,0.4116124232322342,0.4802235925384337,0.9999999999999999,400,400,32,0.003,cuda,1.613166099996306,122080768,9784c9acb23a99190a1c46a2e0eae8a6fe797fe51a83bd04c7ae94578983a9e0,00c7634653f15126cdcb63785da06e5e874a014e87dcbebae2f8517379b01c51,0.0087890625,36,112.77777862548828,1.982421875,6400,12800,0,36,3212,5d19d7837c8804994379dd6481898902dd8837e045c2f0ebb102d2b91ee31127
gru_conv4,balanced,3,4096,19329,40,0.009765625,0.9999933665594998,0.9999933665594998,0.4261751436819455,0.4827092733421278,0.9999999999999999,200,400,32,0.003,cuda,1.6412998999585398,122080768,85594be1c6237da425f58f3ce600f1ef3cdd40f0aa8912f0598a25760b654e8a,64fef6677c46e1d01f392c4e1931aee7848aaa7d174e70b7804423b3ba8bebfc,0.009765625,40,101.4000015258789,1.98046875,6400,12800,0,40,3208,60ccc19b92a8d0b2da639c45d5ac525bbabded8b5b0a423b8b25f79541ad9b76
gru_conv4,balanced,4,4096,19329,32,0.0078125,0.9991687083023953,0.9992475661748466,0.3844930656684401,0.49123020385140376,0.9996141230947326,400,400,32,0.003,cuda,1.5812450000084937,122080768,cc8cb9ad6adbb1c97eb860fc0ff46756f24db6bbcf95fd720c9e60efd4154491,cc57233735bdad9a21c4f47f837d54080d0bd55fb73d409f3514169fe51ef861,0.0078125,32,127.0,1.984375,6400,12800,0,32,3216,fb561e2fe49a2f2081e1717585731ca394985509bd034304ca60230c15164b01
gru_conv4,balanced,5,4096,19329,39,0.009521484375,1.0,1.0,0.45587898789670445,0.49853509820356245,0.9999999999999999,200,400,32,0.003,cuda,1.5850269999937154,122080768,121ca8dac6cadf415e3b15ba78ca99906acbdaa01c7851d744346c20acece4f3,31478788791e1f8977e3d947e29fbf6c71df03eb5f2e519de25fc20d3e7762e9,0.009521484375,39,104.02564239501953,1.98095703125,6400,12800,0,39,3221,577e33f361827ca7230bdb07e63f41252dcf773da9915b02a79125df1f3bc76c
gru_conv4,balanced,6,4096,19329,43,0.010498046875,0.9999515992765833,0.9999515992765833,0.3513561319004831,0.4901057346960136,0.9999999999999998,400,400,32,0.003,cuda,1.5820031000184827,122080768,8d56302a3380fc8ba8f05d08266f31ec9eba91b5b2050ca9c045427efabf62a0,efdecaa8e9e0a2d3536327262f92b680ff7e611687e5c98cfffe9f04810a7b41,0.010498046875,43,94.25581359863281,1.97900390625,6400,12800,0,43,3251,6f6e4b28927c17b08af057438eeae412e729aae4ff375f0f829d0a7cc245b2ed
gru_conv4,balanced,7,4096,19329,38,0.00927734375,0.9998358221552233,0.9998358221552233,0.4148365062673452,0.47526785488936285,0.9999999999999999,400,400,32,0.003,cuda,1.5837199999950826,122080768,af1c53b9d394acc8989b7806e4431f8395bebc9497431f6549f8eacfcb7f1254,05a59dc5f08a38447082037196f447a16d04df18e9a4b32e50857e53c07d0115,0.00927734375,38,106.78947448730469,1.9814453125,6400,12800,0,38,3192,1ad08c8a60939d4089eb0fabbcf307bab2b6cb1eb5ee37791f6b5e2f03c738c0
gru_conv4,balanced,8,4096,19329,49,0.011962890625,1.0,1.0,0.44112026512253255,0.498524452937507,1.0,300,400,32,0.003,cuda,1.5616879000444897,122080768,2f1c66b26b916004b5538d819fbcb714a404d08fbd5c0e53c88154a3bd8af979,4bc0938450afb55daf1e8cc38a44f7512aa9975a01ba4d39242fb2dde1722d29,0.011962890625,49,82.59183502197266,1.97607421875,6400,12800,0,49,3237,2a4ba9affc16ae094cd41c35e55ca029edb3a68c9d452f869a29aabbac2bd811
gru_conv4,balanced,9,4096,19329,37,0.009033203125,0.9999889474830228,0.9999889474830228,0.42749424656591195,0.5087812450256414,1.0,300,400,32,0.003,cuda,1.603302999981679,122080768,a7d75c353f5665789a788fe39fff2bdf80665de97afcb4b499af3dd4a032b616,96abd6724d6534d12cf28cbaa89fc9d3f2d316d54bdcf1ebacc30a5557e2d09a,0.009033203125,37,109.70270538330078,1.98193359375,6400,12800,0,37,3222,9fcea6ca0685244d2c3139907439f3e66e010dd5cbf7a262a5a86783171d96d4
mamba_conv4,uniform,0,4096,19449,47,0.011474609375,0.9154817463955512,0.9525500203856527,0.3220473214699562,0.5200525280402789,0.9111660487761131,400,400,32,0.003,cuda,13.253581600030884,369136640,108d387c1f375abde48df375c75188c981723a0c638295b7e94cddf4a1bbf829,73daa14ecec704eff2a1430d6aa47805d805d3025bb5d558d4f9c2f4a9d3b4c8,0.011474609375,47,86.14893341064453,1.97705078125,167,12800,256,46,3879,c7fe48ace1d66bd6f8f50fd282a9ff22c7bd78d2487435ad27b6395b75a5bcd7
mamba_conv4,uniform,1,4096,19449,39,0.009521484375,0.9767632419933564,0.98236248477039,0.3486340921447168,0.48168756950822933,0.9863213542663974,400,400,32,0.003,cuda,13.298713500029407,369136640,69dbea55b3a0212bf5600213cd76fe9e8752c935fcf6959237b389efd2f2dc7c,7d2b29e12ec8cfd895d18073a3687bb9f8728119539bbd60d11f3e8c79df921b,0.009521484375,39,104.02564239501953,1.98095703125,116,12800,297,36,3885,36f18d8e960ef269b3803f794ba2712fd5948fc2bfd4895fcc044dbbd1f6cff7
mamba_conv4,uniform,2,4096,19449,36,0.0087890625,0.8821919138636721,0.9220335869171339,0.3137162587945644,0.47750456603931735,0.8710312281387875,400,400,32,0.003,cuda,13.226846200006548,369136640,846e157126c8e992ea90b85d24c8dcebbfc1d97ac5e3618536d2f04d1acd7ca8,55fb8c96b25e6119642795a6c4b09071161680a5a5e9b607b3f0ebd07b64d680,0.0087890625,36,112.77777862548828,1.982421875,119,12800,296,35,3869,a09a139371fd157417fceafd9cbb6be946af963331211e04109ed3d7e4f254e9
mamba_conv4,uniform,3,4096,19449,40,0.009765625,0.9897231924620501,0.9904069954468002,0.4479354492665289,0.4979528895084374,0.9899718211173467,400,400,32,0.003,cuda,13.224871999991592,369136640,ef7e6f88bed0ef1c302b44af6ec3a959979a2628c641a02a802330736faafae7,6844b22f3b08a5fd1dcbe27234d8cf196ec2bd4ca2055e095ccada12bf14b68b,0.009765625,40,101.4000015258789,1.98046875,137,12800,283,39,3885,3cbec3940edc2179b538e5bff00a1becc51fc030137088a456f2857073cb1fe1
mamba_conv4,uniform,4,4096,19449,32,0.0078125,0.872147553886044,0.8879483255233772,0.45331476333388027,0.4932138118284479,0.8377852496269278,400,400,32,0.003,cuda,13.205891199992038,369136640,ed85124129b183e5279df33c8bda735fed2a2bb18c4e3d62a5dc490206a03b08,16d1f38bb588ae4f1f480a99c41b154a072b670f8dc330305e0ca7e9b9a0051c,0.0078125,32,127.0,1.984375,94,12800,318,31,3871,e6ab718e55a8353de0ea7e18d6bcf8db825075396805e7f5ca6eab3e7a960630
mamba_conv4,uniform,5,4096,19449,39,0.009521484375,0.8566752910712092,0.8812889008632337,0.40605559087051246,0.47627403445593425,0.847015791511299,400,400,32,0.003,cuda,13.114363900036551,369136640,a6fe79ef9499cf588d3b15f730d13c7b9e6319c259d133f33e04f229578324ff,1b01073702382a3771b4c483fe16a2071b25cd60b8a8c897ca5e7b52f80bf125,0.009521484375,39,104.02564239501953,1.98095703125,102,12800,308,37,3878,b1c2bfd13e277734807097001759142b61a0fae74c6a74cdfc70babdef13ea7c
mamba_conv4,uniform,6,4096,19449,43,0.010498046875,0.9985783536121899,0.998809257318083,0.3174537106837076,0.48639369399224586,1.0,400,400,32,0.003,cuda,13.259924499958288,369136640,4dfb765c7e5c3784eda0f5a95eb433d29285eb463e826af5ed2c69d836bc5a28,fc5d0128d1970887729eb3e3aaf101af410bc67ec9c759bbdb5d54741797c418,0.010498046875,43,94.25581359863281,1.97900390625,137,12800,277,41,3879,f4e35a70c270680ed16cf533d97626cb206c4b91390c9495b33f9595ed1ed783
mamba_conv4,uniform,7,4096,19449,38,0.00927734375,0.9815037305119856,0.9818524970878845,0.49395611759019653,0.49524850201656667,0.9973450265958672,400,400,32,0.003,cuda,13.227934500027914,369136640,f6b33fb590a485ba1520c506b8b8f24b73281dfe818156c33d365cb356a05a21,1e66b75a230fa7384e99e7bf0d3f23ea75060016e159586da95abcdcaaf82c60,0.00927734375,38,106.78947448730469,1.9814453125,106,12800,306,37,3862,d65e2d4dd2b008d68b1faab754a566c312cc33cbbf8f4c0d52a292fafe31d595
mamba_conv4,uniform,8,4096,19449,49,0.011962890625,0.6860559520992421,0.6879498408144543,0.4824039529446357,0.4907897943657741,0.6850666557992919,400,400,32,0.003,cuda,13.195921200036537,369136640,850ee47461ef10a9e0bf490fdf33fc07e0f996658e9b015e7b6349329a11b749,d58a71161118f8d4a2d8556b95607cbffc35210ac6dcb78845b203f934aebbac,0.011962890625,49,82.59183502197266,1.97607421875,135,12800,292,44,3859,61f8e05ef51e3d61cdd30bfb9b5fd7bbabc3111720928403c38d1f3db4b46e9e
mamba_conv4,uniform,9,4096,19449,37,0.009033203125,0.945507690978583,0.9539193667001022,0.3727716891744153,0.4742241543271619,0.932045723242742,400,400,32,0.003,cuda,13.197002100001555,369136640,1488d505ce97763f8fddb941601681ac006fc39e6144361a1c049f97c9e80d94,872fdcf3ef8590d801b5dfa8ad8ff6f96ec33a556dacb24a158787a8dfa75158,0.009033203125,37,109.70270538330078,1.98193359375,114,12800,297,35,3897,919455c89cb29500fad20c2a9dce828baa7859cd329d8b45a98194e3b79a35a1
mamba_conv4,balanced,0,4096,19449,47,0.011474609375,0.7382777309306141,0.7382783079073942,0.4804005931353656,0.4811099307684039,0.7229336424768501,400,400,32,0.003,cuda,13.208684699959122,369136640,108d387c1f375abde48df375c75188c981723a0c638295b7e94cddf4a1bbf829,75f254a9a148c43f70e8c889876b6f07c0d43f804ff1f91ab63d9d6cd526de1c,0.011474609375,47,86.14893341064453,1.97705078125,6400,12800,0,47,3256,425c354eb47cc790408b0e722fc6e9d84932c804d24529a745db2583740f11b2
mamba_conv4,balanced,1,4096,19449,39,0.009521484375,0.9987133345506255,0.9987133345506255,0.34520361923502485,0.5011906626423873,0.9998043818466353,400,400,32,0.003,cuda,13.295096199959517,369136640,69dbea55b3a0212bf5600213cd76fe9e8752c935fcf6959237b389efd2f2dc7c,12145b6c4f353dfa17777380fde8a5ad8802a3c732ceb5a175f52353710a6221,0.009521484375,39,104.02564239501953,1.98095703125,6400,12800,0,39,3236,ad084ded304b0cd5054477d2d3d5814f307f1e4ff320f50d4e55345c5023d4f3
mamba_conv4,balanced,2,4096,19449,36,0.0087890625,0.9971888496640837,0.9985482443430969,0.2989866948290722,0.4983041258167478,0.9952167889857618,400,400,32,0.003,cuda,13.235412699985318,369136640,846e157126c8e992ea90b85d24c8dcebbfc1d97ac5e3618536d2f04d1acd7ca8,00c7634653f15126cdcb63785da06e5e874a014e87dcbebae2f8517379b01c51,0.0087890625,36,112.77777862548828,1.982421875,6400,12800,0,36,3212,5d19d7837c8804994379dd6481898902dd8837e045c2f0ebb102d2b91ee31127
mamba_conv4,balanced,3,4096,19449,40,0.009765625,0.9976571441548429,0.998063951736799,0.4851782617771268,0.49338396739490903,0.9933781795249107,400,400,32,0.003,cuda,13.199737000046298,369136640,ef7e6f88bed0ef1c302b44af6ec3a959979a2628c641a02a802330736faafae7,64fef6677c46e1d01f392c4e1931aee7848aaa7d174e70b7804423b3ba8bebfc,0.009765625,40,101.4000015258789,1.98046875,6400,12800,0,40,3208,60ccc19b92a8d0b2da639c45d5ac525bbabded8b5b0a423b8b25f79541ad9b76
mamba_conv4,balanced,4,4096,19449,32,0.0078125,0.9458964395323834,0.9535274165908213,0.430392310826104,0.49589881605142455,0.9444955571030303,400,400,32,0.003,cuda,13.249022800009698,369136640,ed85124129b183e5279df33c8bda735fed2a2bb18c4e3d62a5dc490206a03b08,cc57233735bdad9a21c4f47f837d54080d0bd55fb73d409f3514169fe51ef861,0.0078125,32,127.0,1.984375,6400,12800,0,32,3216,fb561e2fe49a2f2081e1717585731ca394985509bd034304ca60230c15164b01
mamba_conv4,balanced,5,4096,19449,39,0.009521484375,0.8616843144019303,0.8747498355057373,0.47088307643423893,0.485280485680717,0.9110963063809392,400,400,32,0.003,cuda,13.20056540000951,369136640,a6fe79ef9499cf588d3b15f730d13c7b9e6319c259d133f33e04f229578324ff,31478788791e1f8977e3d947e29fbf6c71df03eb5f2e519de25fc20d3e7762e9,0.009521484375,39,104.02564239501953,1.98095703125,6400,12800,0,39,3221,577e33f361827ca7230bdb07e63f41252dcf773da9915b02a79125df1f3bc76c
mamba_conv4,balanced,6,4096,19449,43,0.010498046875,0.977970480689644,0.98692774015339,0.36148255662068124,0.49269968924576135,0.9542021662438636,400,400,32,0.003,cuda,13.227083899953868,369136640,4dfb765c7e5c3784eda0f5a95eb433d29285eb463e826af5ed2c69d836bc5a28,efdecaa8e9e0a2d3536327262f92b680ff7e611687e5c98cfffe9f04810a7b41,0.010498046875,43,94.25581359863281,1.97900390625,6400,12800,0,43,3251,6f6e4b28927c17b08af057438eeae412e729aae4ff375f0f829d0a7cc245b2ed
mamba_conv4,balanced,7,4096,19449,38,0.00927734375,0.9913798070561034,0.993869113965171,0.4126764875647037,0.4967521674685765,0.9920076757458847,400,400,32,0.003,cuda,13.233496100001503,369136640,f6b33fb590a485ba1520c506b8b8f24b73281dfe818156c33d365cb356a05a21,05a59dc5f08a38447082037196f447a16d04df18e9a4b32e50857e53c07d0115,0.00927734375,38,106.78947448730469,1.9814453125,6400,12800,0,38,3192,1ad08c8a60939d4089eb0fabbcf307bab2b6cb1eb5ee37791f6b5e2f03c738c0
mamba_conv4,balanced,8,4096,19449,49,0.011962890625,0.4868866298778945,0.48691539032380937,0.500960448677168,0.5010142118898597,0.5407045764411482,200,400,32,0.003,cuda,13.17582250002306,369136640,850ee47461ef10a9e0bf490fdf33fc07e0f996658e9b015e7b6349329a11b749,4bc0938450afb55daf1e8cc38a44f7512aa9975a01ba4d39242fb2dde1722d29,0.011962890625,49,82.59183502197266,1.97607421875,6400,12800,0,49,3237,2a4ba9affc16ae094cd41c35e55ca029edb3a68c9d452f869a29aabbac2bd811
mamba_conv4,balanced,9,4096,19449,37,0.009033203125,0.9944703293804038,0.9950514600209147,0.4954003389080264,0.5039204076267599,0.9983447694715301,300,400,32,0.003,cuda,13.197888099995907,369136640,1488d505ce97763f8fddb941601681ac006fc39e6144361a1c049f97c9e80d94,96abd6724d6534d12cf28cbaa89fc9d3f2d316d54bdcf1ebacc30a5557e2d09a,0.009033203125,37,109.70270538330078,1.98193359375,6400,12800,0,37,3222,9fcea6ca0685244d2c3139907439f3e66e010dd5cbf7a262a5a86783171d96d4
mamba_conv1,uniform,0,4096,19041,47,0.011474609375,0.50549805622178,0.50549805622178,0.5048284445326078,0.5048284445326078,0.4885156646714324,400,400,32,0.003,cuda,13.271454000030644,369104384,3d3f29eed8aca1fe5ccf524159003c4e8d190d2eb0d4d196d46316677e14a3c5,73daa14ecec704eff2a1430d6aa47805d805d3025bb5d558d4f9c2f4a9d3b4c8,0.011474609375,47,86.14893341064453,1.97705078125,167,12800,256,46,3879,c7fe48ace1d66bd6f8f50fd282a9ff22c7bd78d2487435ad27b6395b75a5bcd7
mamba_conv1,uniform,1,4096,19041,39,0.009521484375,0.5134439689652159,0.5163325177878048,0.5130464083228964,0.5159323111508816,0.49597823923851936,400,400,32,0.003,cuda,13.23862730001565,369104384,031eb738fd302ec12b37d7a0d981713c1400c7b0334abdd4782dc5824fb3753a,7d2b29e12ec8cfd895d18073a3687bb9f8728119539bbd60d11f3e8c79df921b,0.009521484375,39,104.02564239501953,1.98095703125,116,12800,297,36,3885,36f18d8e960ef269b3803f794ba2712fd5948fc2bfd4895fcc044dbbd1f6cff7
mamba_conv1,uniform,2,4096,19041,36,0.0087890625,0.48850806909832833,0.4958963428776663,0.49158990205275344,0.4990705627829214,0.4492686582140091,100,400,32,0.003,cuda,13.2149426000542,369104384,03f0dca36b443a982370589dad2e0b8ab85e1e3d004e548d548d9fda7004c57b,55fb8c96b25e6119642795a6c4b09071161680a5a5e9b607b3f0ebd07b64d680,0.0087890625,36,112.77777862548828,1.982421875,119,12800,296,35,3869,a09a139371fd157417fceafd9cbb6be946af963331211e04109ed3d7e4f254e9
mamba_conv1,uniform,3,4096,19041,40,0.009765625,0.42899079904258935,0.505782457049086,0.43153415281715835,0.5096853405049186,0.46462946991980975,400,400,32,0.003,cuda,13.243242600001395,369104384,c7dbba0b2cb571605ece27bced6604a55aec8954281a11915f5f47cce04f7c30,6844b22f3b08a5fd1dcbe27234d8cf196ec2bd4ca2055e095ccada12bf14b68b,0.009765625,40,101.4000015258789,1.98046875,137,12800,283,39,3885,3cbec3940edc2179b538e5bff00a1becc51fc030137088a456f2857073cb1fe1
mamba_conv1,uniform,4,4096,19041,32,0.0078125,0.5455887885373206,0.5455887885373206,0.5060964705336068,0.5060964705336068,0.5242020468916126,400,400,32,0.003,cuda,13.187443499977235,369104384,f22df338a1aac04f8e92e47b55acefc62cefa0610d489c8522289f76bca497cb,16d1f38bb588ae4f1f480a99c41b154a072b670f8dc330305e0ca7e9b9a0051c,0.0078125,32,127.0,1.984375,94,12800,318,31,3871,e6ab718e55a8353de0ea7e18d6bcf8db825075396805e7f5ca6eab3e7a960630
mamba_conv1,uniform,5,4096,19041,39,0.009521484375,0.49724313552445343,0.5051556051539672,0.48313958156420694,0.4915287063626819,0.4728447942423726,200,400,32,0.003,cuda,13.207979500002693,369104384,58d6219337119e79262a53124224e7f864102e8e436438541927ef84279d13a8,1b01073702382a3771b4c483fe16a2071b25cd60b8a8c897ca5e7b52f80bf125,0.009521484375,39,104.02564239501953,1.98095703125,102,12800,308,37,3878,b1c2bfd13e277734807097001759142b61a0fae74c6a74cdfc70babdef13ea7c
mamba_conv1,uniform,6,4096,19041,43,0.010498046875,0.5169582299273262,0.5189431027693946,0.5152488615446744,0.517215238232766,0.527162239868758,300,400,32,0.003,cuda,13.259019800054375,369104384,67366002f023224724427a846dc9fe0272c6727c0a4161007bea7228721079e0,fc5d0128d1970887729eb3e3aaf101af410bc67ec9c759bbdb5d54741797c418,0.010498046875,43,94.25581359863281,1.97900390625,137,12800,277,41,3879,f4e35a70c270680ed16cf533d97626cb206c4b91390c9495b33f9595ed1ed783
mamba_conv1,uniform,7,4096,19041,38,0.00927734375,0.5244421468744255,0.5244490690826972,0.5218974727337892,0.5219043949420608,0.5442238110381039,300,400,32,0.003,cuda,13.167150599998422,369104384,4a4bbc47f5acaa50ea38510e8c5cb11356ee44c8542e2698176a015e9138d65b,1e66b75a230fa7384e99e7bf0d3f23ea75060016e159586da95abcdcaaf82c60,0.00927734375,38,106.78947448730469,1.9814453125,106,12800,306,37,3862,d65e2d4dd2b008d68b1faab754a566c312cc33cbbf8f4c0d52a292fafe31d595
mamba_conv1,uniform,8,4096,19041,49,0.011962890625,0.5038592308629298,0.5038644202573211,0.5027818963172213,0.5027876565721227,0.5123692378035855,300,400,32,0.003,cuda,13.19231439998839,369104384,886547922006076ba72496f0dce43e5dfc5a203bd621aace27d3d09100847aae,d58a71161118f8d4a2d8556b95607cbffc35210ac6dcb78845b203f934aebbac,0.011962890625,49,82.59183502197266,1.97607421875,135,12800,292,44,3859,61f8e05ef51e3d61cdd30bfb9b5fd7bbabc3111720928403c38d1f3db4b46e9e
mamba_conv1,uniform,9,4096,19041,37,0.009033203125,0.4900237858953107,0.4997518136836597,0.4839141246625655,0.49353495554535365,0.5230673361854357,100,400,32,0.003,cuda,13.187723500013817,369104384,bedf3e6e51adbe888f311b6547cc1189de5fcb36f2a6069a93ae0b80d6afe299,872fdcf3ef8590d801b5dfa8ad8ff6f96ec33a556dacb24a158787a8dfa75158,0.009033203125,37,109.70270538330078,1.98193359375,114,12800,297,35,3897,919455c89cb29500fad20c2a9dce828baa7859cd329d8b45a98194e3b79a35a1
mamba_conv1,balanced,0,4096,19041,47,0.011474609375,0.5089290881301706,0.5089290881301706,0.4938168724385062,0.4938168724385062,0.5134422383703368,400,400,32,0.003,cuda,13.23357290000422,369104384,3d3f29eed8aca1fe5ccf524159003c4e8d190d2eb0d4d196d46316677e14a3c5,75f254a9a148c43f70e8c889876b6f07c0d43f804ff1f91ab63d9d6cd526de1c,0.011474609375,47,86.14893341064453,1.97705078125,6400,12800,0,47,3256,425c354eb47cc790408b0e722fc6e9d84932c804d24529a745db2583740f11b2
mamba_conv1,balanced,1,4096,19041,39,0.009521484375,0.6873667814869479,0.6875933569702714,0.4799454680312727,0.48017038109683247,0.7003887627312231,400,400,32,0.003,cuda,13.214248600008432,369104384,031eb738fd302ec12b37d7a0d981713c1400c7b0334abdd4782dc5824fb3753a,12145b6c4f353dfa17777380fde8a5ad8802a3c732ceb5a175f52353710a6221,0.009521484375,39,104.02564239501953,1.98095703125,6400,12800,0,39,3236,ad084ded304b0cd5054477d2d3d5814f307f1e4ff320f50d4e55345c5023d4f3
mamba_conv1,balanced,2,4096,19041,36,0.0087890625,0.5378524941974067,0.5378524941974067,0.4958200076863281,0.4958200076863281,0.5512470770403166,400,400,32,0.003,cuda,13.21785539999837,369104384,03f0dca36b443a982370589dad2e0b8ab85e1e3d004e548d548d9fda7004c57b,00c7634653f15126cdcb63785da06e5e874a014e87dcbebae2f8517379b01c51,0.0087890625,36,112.77777862548828,1.982421875,6400,12800,0,36,3212,5d19d7837c8804994379dd6481898902dd8837e045c2f0ebb102d2b91ee31127
mamba_conv1,balanced,3,4096,19041,40,0.009765625,0.5947196977268271,0.5947196977268271,0.5280933511426223,0.5280933511426223,0.5267410278744935,300,400,32,0.003,cuda,13.217441699991468,369104384,c7dbba0b2cb571605ece27bced6604a55aec8954281a11915f5f47cce04f7c30,64fef6677c46e1d01f392c4e1931aee7848aaa7d174e70b7804423b3ba8bebfc,0.009765625,40,101.4000015258789,1.98046875,6400,12800,0,40,3208,60ccc19b92a8d0b2da639c45d5ac525bbabded8b5b0a423b8b25f79541ad9b76
mamba_conv1,balanced,4,4096,19041,32,0.0078125,0.7652214036305016,0.7920000513556938,0.450143928448073,0.4903057549349878,0.8757347517168421,400,400,32,0.003,cuda,13.203662800020538,369104384,f22df338a1aac04f8e92e47b55acefc62cefa0610d489c8522289f76bca497cb,cc57233735bdad9a21c4f47f837d54080d0bd55fb73d409f3514169fe51ef861,0.0078125,32,127.0,1.984375,6400,12800,0,32,3216,fb561e2fe49a2f2081e1717585731ca394985509bd034304ca60230c15164b01
mamba_conv1,balanced,5,4096,19041,39,0.009521484375,0.5165176626707904,0.5165176626707904,0.5099322272499637,0.5099322272499637,0.4963000296590953,300,400,32,0.003,cuda,13.182418900018092,369104384,58d6219337119e79262a53124224e7f864102e8e436438541927ef84279d13a8,31478788791e1f8977e3d947e29fbf6c71df03eb5f2e519de25fc20d3e7762e9,0.009521484375,39,104.02564239501953,1.98095703125,6400,12800,0,39,3221,577e33f361827ca7230bdb07e63f41252dcf773da9915b02a79125df1f3bc76c
mamba_conv1,balanced,6,4096,19041,43,0.010498046875,0.4958090962003134,0.49640208078324577,0.49574804100111397,0.49636104493406336,0.4668371113447486,300,400,32,0.003,cuda,13.202684599964414,369104384,67366002f023224724427a846dc9fe0272c6727c0a4161007bea7228721079e0,efdecaa8e9e0a2d3536327262f92b680ff7e611687e5c98cfffe9f04810a7b41,0.010498046875,43,94.25581359863281,1.97900390625,6400,12800,0,43,3251,6f6e4b28927c17b08af057438eeae412e729aae4ff375f0f829d0a7cc245b2ed
mamba_conv1,balanced,7,4096,19041,38,0.00927734375,0.49764796018221397,0.5095117947530019,0.4984466848856509,0.5103340749245137,0.46198165841339395,400,400,32,0.003,cuda,13.196295900037512,369104384,4a4bbc47f5acaa50ea38510e8c5cb11356ee44c8542e2698176a015e9138d65b,05a59dc5f08a38447082037196f447a16d04df18e9a4b32e50857e53c07d0115,0.00927734375,38,106.78947448730469,1.9814453125,6400,12800,0,38,3192,1ad08c8a60939d4089eb0fabbcf307bab2b6cb1eb5ee37791f6b5e2f03c738c0
mamba_conv1,balanced,8,4096,19041,49,0.011962890625,0.5167868568317447,0.5167868568317447,0.5127261391014769,0.5127261391014769,0.5123671688452045,100,400,32,0.003,cuda,13.182813599996734,369104384,886547922006076ba72496f0dce43e5dfc5a203bd621aace27d3d09100847aae,4bc0938450afb55daf1e8cc38a44f7512aa9975a01ba4d39242fb2dde1722d29,0.011962890625,49,82.59183502197266,1.97607421875,6400,12800,0,49,3237,2a4ba9affc16ae094cd41c35e55ca029edb3a68c9d452f869a29aabbac2bd811
mamba_conv1,balanced,9,4096,19041,37,0.009033203125,0.530896098496324,0.530896098496324,0.5115700788223474,0.5115700788223474,0.5629702213506527,200,400,32,0.003,cuda,13.206523999979254,369104384,bedf3e6e51adbe888f311b6547cc1189de5fcb36f2a6069a93ae0b80d6afe299,96abd6724d6534d12cf28cbaa89fc9d3f2d316d54bdcf1ebacc30a5557e2d09a,0.009033203125,37,109.70270538330078,1.98193359375,6400,12800,0,37,3222,9fcea6ca0685244d2c3139907439f3e66e010dd5cbf7a262a5a86783171d96d4
