trial_id,object,pose,experiment,source_file,source_group,path,frames,duration_s,slip_frames,valid_frames,onset_count,timestamp_strictly_increasing,median_dt_s,max_dt_s,nonpositive_intervals,gaps_above_20ms,sha256
brush_Pose1_Exp1,brush,Pose1,1,slipDataset_brush_tactile.h5,GGCNN2/brush/Pose1/Exp1,processed\brush_Pose1_Exp1.npz,635,3.522143602371216,56,635,1,True,0.005539298057556152,0.006154060363769531,0,0,57038be1264c631204892f52c9debd43d55b845545c5432b37182555cddec027
brush_Pose1_Exp10,brush,Pose1,10,slipDataset_brush_tactile.h5,GGCNN2/brush/Pose1/Exp10,processed\brush_Pose1_Exp10.npz,606,3.3611581325531006,80,606,1,True,0.0055463314056396484,0.008296728134155273,0,0,1353e8d0fff8d612ca7333f8e7771d9421cbec8c26eabdb9c4ee2208c32a4b11
brush_Pose1_Exp2,brush,Pose1,2,slipDataset_brush_tactile.h5,GGCNN2/brush/Pose1/Exp2,processed\brush_Pose1_Exp2.npz,4071,22.611265420913696,1317,4071,5,True,0.005545616149902344,0.01102757453918457,0,0,ae26047b93abbbb7b132709d1fd366347b3bd9bddf156912ded11f75a8933ce5
brush_Pose1_Exp3,brush,Pose1,3,slipDataset_brush_tactile.h5,GGCNN2/brush/Pose1/Exp3,processed\brush_Pose1_Exp3.npz,3543,19.677525997161865,1181,3543,4,True,0.005543231964111328,0.015334844589233398,0,0,02fe9fd429f6b58d594bf791368502e5e79e7855be8509569d37854b80fc17cb
brush_Pose1_Exp4,brush,Pose1,4,slipDataset_brush_tactile.h5,GGCNN2/brush/Pose1/Exp4,processed\brush_Pose1_Exp4.npz,651,3.611417770385742,118,651,1,True,0.005542874336242676,0.008471012115478516,0,0,201bf12fc4ce9335da72818fd30889e8e2271035c04f5e1f098959f39c8b5176
brush_Pose1_Exp5,brush,Pose1,5,slipDataset_brush_tactile.h5,GGCNN2/brush/Pose1/Exp5,processed\brush_Pose1_Exp5.npz,599,3.3221559524536133,54,599,1,True,0.005547165870666504,0.008237838745117188,0,0,f172a0643731bac67a51a92f6e50e6d9a0d6cb05bc023947bda178d3a1d0843a
brush_Pose1_Exp6,brush,Pose1,6,slipDataset_brush_tactile.h5,GGCNN2/brush/Pose1/Exp6,processed\brush_Pose1_Exp6.npz,696,3.8609840869903564,134,696,1,True,0.005554676055908203,0.006289005279541016,0,0,3c49796d0b4f655271beb41c9254b34662b69c9b32508d7fed079ae03b17c2c0
brush_Pose1_Exp7,brush,Pose1,7,slipDataset_brush_tactile.h5,GGCNN2/brush/Pose1/Exp7,processed\brush_Pose1_Exp7.npz,916,5.083352088928223,414,916,1,True,0.005537271499633789,0.008186101913452148,0,0,6510538206fdd263a8c1b69598e7a0867f404110af8e2b6c0f3c136a46bb787b
brush_Pose1_Exp8,brush,Pose1,8,slipDataset_brush_tactile.h5,GGCNN2/brush/Pose1/Exp8,processed\brush_Pose1_Exp8.npz,538,2.9838218688964844,42,538,1,True,0.0055425167083740234,0.009256839752197266,0,0,863faf0fb85a9221ce471c00bb106027832ee030a251947dc2a3c24c5c93aa4a
brush_Pose1_Exp9,brush,Pose1,9,slipDataset_brush_tactile.h5,GGCNN2/brush/Pose1/Exp9,processed\brush_Pose1_Exp9.npz,541,3.0000181198120117,38,541,1,True,0.005549788475036621,0.009058475494384766,0,0,0df6436d1c1a7027977a829d450cb890f193e3be223a418ad219da650f6c1e39
brush_Pose2_Exp1,brush,Pose2,1,slipDataset_brush_tactile.h5,GGCNN2/brush/Pose2/Exp1,processed\brush_Pose2_Exp1.npz,681,3.778012752532959,113,681,1,True,0.005537509918212891,0.007089853286743164,0,0,d758b5fd08bbe4cd77e6bb4fc9ba3331f9e0c64066ddb9bc778582dea3b1e602
brush_Pose2_Exp10,brush,Pose2,10,slipDataset_brush_tactile.h5,GGCNN2/brush/Pose2/Exp10,processed\brush_Pose2_Exp10.npz,773,4.288898944854736,200,773,1,True,0.005545139312744141,0.007494211196899414,0,0,7a8d00febbb8db9ddd4f0ccf4089b2fe0d1cb932881ce0cf7f428cf4fb012897
brush_Pose2_Exp2,brush,Pose2,2,slipDataset_brush_tactile.h5,GGCNN2/brush/Pose2/Exp2,processed\brush_Pose2_Exp2.npz,646,3.583303451538086,133,646,1,True,0.005547523498535156,0.006360530853271484,0,0,87a2da0b92e3d2b370118f92a513d02f482ec4ccfa469689102bb4555578a85b
brush_Pose2_Exp3,brush,Pose2,3,slipDataset_brush_tactile.h5,GGCNN2/brush/Pose2/Exp3,processed\brush_Pose2_Exp3.npz,4054,22.516759395599365,71,4054,2,True,0.005543708801269531,0.012508153915405273,0,0,46314e07e4c8bcbffd7963251dbc7d41f3dcd93e2366d1a3f605f68ec8c45582
brush_Pose2_Exp4,brush,Pose2,4,slipDataset_brush_tactile.h5,GGCNN2/brush/Pose2/Exp4,processed\brush_Pose2_Exp4.npz,661,3.666806936264038,55,661,1,True,0.005549430847167969,0.011528968811035156,0,0,5101904ddf5938aba3ca7e24d370d6d422f4b98ea3928985217ae1332951e11d
brush_Pose2_Exp5,brush,Pose2,5,slipDataset_brush_tactile.h5,GGCNN2/brush/Pose2/Exp5,processed\brush_Pose2_Exp5.npz,234,1.2942123413085938,0,234,0,True,0.005545616149902344,0.0061187744140625,0,0,f97348816d3cf447dc0eba64f530691592dbe3eb82a20af252fb94a99eca1d7f
brush_Pose2_Exp6,brush,Pose2,6,slipDataset_brush_tactile.h5,GGCNN2/brush/Pose2/Exp6,processed\brush_Pose2_Exp6.npz,1697,9.422335624694824,305,1697,2,True,0.0055446624755859375,0.006133317947387695,0,0,23b08d6a313507e3efeb886f14417b32708ab4c204ad1813b3c88ad9c0f17b72
brush_Pose2_Exp7,brush,Pose2,7,slipDataset_brush_tactile.h5,GGCNN2/brush/Pose2/Exp7,processed\brush_Pose2_Exp7.npz,4039,22.4333016872406,0,4039,0,True,0.005542755126953125,0.012820959091186523,0,0,e9b1867dfe8490fbc68cc5d66e85c205f141291d121dec577b6ad91a8e0e005c
brush_Pose2_Exp8,brush,Pose2,8,slipDataset_brush_tactile.h5,GGCNN2/brush/Pose2/Exp8,processed\brush_Pose2_Exp8.npz,3974,22.07201337814331,898,3974,4,True,0.005544900894165039,0.012755870819091797,0,0,491f0c8903514d39a54e77cc4ff51a3f109727443ed0a88eaab5540e3465e3d8
brush_Pose2_Exp9,brush,Pose2,9,slipDataset_brush_tactile.h5,GGCNN2/brush/Pose2/Exp9,processed\brush_Pose2_Exp9.npz,642,3.5613017082214355,50,642,1,True,0.005541086196899414,0.006199836730957031,0,0,173b2779e703d28d6bfd916c967d963f9937286c5001f9fd208b56dbf0536923
brush_Pose3_Exp1,brush,Pose3,1,slipDataset_brush_tactile.h5,GGCNN2/brush/Pose3/Exp1,processed\brush_Pose3_Exp1.npz,652,3.61649489402771,113,652,1,True,0.005543947219848633,0.006017446517944336,0,0,4ffe99a41554390c79712b859e9de306e664b3e0013aa2271cbfcdb7f587aef1
brush_Pose3_Exp10,brush,Pose3,10,slipDataset_brush_tactile.h5,GGCNN2/brush/Pose3/Exp10,processed\brush_Pose3_Exp10.npz,620,3.438910961151123,50,601,1,True,0.005542278289794922,0.006343364715576172,0,0,b92e946b5d10a53221c1e6bcfb38820c579f68a91159615c3ee3707c15ed2910
brush_Pose3_Exp2,brush,Pose3,2,slipDataset_brush_tactile.h5,GGCNN2/brush/Pose3/Exp2,processed\brush_Pose3_Exp2.npz,650,3.605417251586914,105,650,1,True,0.00554203987121582,0.0062084197998046875,0,0,93d853ba22ffa161319bb1daf8289320d7ef7157d3a7706e316d30bd69d5c785
brush_Pose3_Exp3,brush,Pose3,3,slipDataset_brush_tactile.h5,GGCNN2/brush/Pose3/Exp3,processed\brush_Pose3_Exp3.npz,643,3.566354751586914,82,643,1,True,0.005542159080505371,0.0072252750396728516,0,0,85ee218c2d6b73708a0595dd3b21d84481e26773fad479e25fe97b5c041f4c1a
brush_Pose3_Exp4,brush,Pose3,4,slipDataset_brush_tactile.h5,GGCNN2/brush/Pose3/Exp4,processed\brush_Pose3_Exp4.npz,640,3.5501484870910645,68,640,1,True,0.005543947219848633,0.006953716278076172,0,0,061ad057876d7e20cc3fc2d1118df9fdb3e5246c173947c4c8e019519ecdcca2
brush_Pose3_Exp5,brush,Pose3,5,slipDataset_brush_tactile.h5,GGCNN2/brush/Pose3/Exp5,processed\brush_Pose3_Exp5.npz,1980,10.994544744491577,686,1968,3,True,0.005541563034057617,0.00778651237487793,0,0,9691f2b5e69a2883e68bae9be94e494f521f6eda83c8ba6be2702d01b091a013
brush_Pose3_Exp6,brush,Pose3,6,slipDataset_brush_tactile.h5,GGCNN2/brush/Pose3/Exp6,processed\brush_Pose3_Exp6.npz,1928,10.705618619918823,669,1915,3,True,0.005544424057006836,0.009081363677978516,0,0,d8496375eb49770f24235472dcae447a77245dda166d7b768a3ab2d388afa123
brush_Pose3_Exp7,brush,Pose3,7,slipDataset_brush_tactile.h5,GGCNN2/brush/Pose3/Exp7,processed\brush_Pose3_Exp7.npz,1772,9.83868670463562,781,1760,2,True,0.005541801452636719,0.011846303939819336,0,0,56184dff9a7b8d888771e3eef0ed6f7340f6829a697bfb1aa52088f36e4504d9
brush_Pose3_Exp8,brush,Pose3,8,slipDataset_brush_tactile.h5,GGCNN2/brush/Pose3/Exp8,processed\brush_Pose3_Exp8.npz,645,3.577643632888794,92,645,1,True,0.005541086196899414,0.008719682693481445,0,0,91315b03a4fcd41e5f206309a804847e8e2692ad9407ffc5f757bcb4498258e1
brush_Pose3_Exp9,brush,Pose3,9,slipDataset_brush_tactile.h5,GGCNN2/brush/Pose3/Exp9,processed\brush_Pose3_Exp9.npz,1980,10.99442172050476,913,1980,3,True,0.005542755126953125,0.012130022048950195,0,0,d491f49f86bc293b56ffa98be99865b20837212f2be2b9779a89177ba74680ca
screwDriver_Pose1_Exp1,screwDriver,Pose1,1,slipDataset_screwDriver_tactile.h5,GGCNN2/screwDriver/Pose1/Exp1,processed\screwDriver_Pose1_Exp1.npz,4134,22.960466384887695,0,4134,0,True,0.0055408477783203125,0.010977506637573242,0,0,7148ef20132593903320f504f0076f5a7bf2739f7d939ab733620760b205025a
screwDriver_Pose1_Exp10,screwDriver,Pose1,10,slipDataset_screwDriver_tactile.h5,GGCNN2/screwDriver/Pose1/Exp10,processed\screwDriver_Pose1_Exp10.npz,4031,22.39500641822815,1515,4031,4,True,0.005532383918762207,0.015753984451293945,0,0,b512c95c26ab484143b885104aafd1e7a48743aa3d0b13f7f9b4dfdc0c810358
screwDriver_Pose1_Exp2,screwDriver,Pose1,2,slipDataset_screwDriver_tactile.h5,GGCNN2/screwDriver/Pose1/Exp2,processed\screwDriver_Pose1_Exp2.npz,4002,22.228798627853394,1603,4002,14,True,0.005556344985961914,0.010014057159423828,0,0,15a2432b47292ee7d0fc6d299112c536cd2bda5b5d218c09ee9da9b2bda72d25
screwDriver_Pose1_Exp3,screwDriver,Pose1,3,slipDataset_screwDriver_tactile.h5,GGCNN2/screwDriver/Pose1/Exp3,processed\screwDriver_Pose1_Exp3.npz,3768,20.927590131759644,1808,3768,13,True,0.005548954010009766,0.013954877853393555,0,0,f62f051090345897def869486602f80ee1b87111f2249dbceb1cb17de7551b6a
screwDriver_Pose1_Exp4,screwDriver,Pose1,4,slipDataset_screwDriver_tactile.h5,GGCNN2/screwDriver/Pose1/Exp4,processed\screwDriver_Pose1_Exp4.npz,2561,14.221599340438843,1147,2561,5,True,0.005545973777770996,0.011988639831542969,0,0,33d69900064a0357441b19ea26354ff08ab8ed2c71dfad6d41c287cdc7d3af98
screwDriver_Pose1_Exp5,screwDriver,Pose1,5,slipDataset_screwDriver_tactile.h5,GGCNN2/screwDriver/Pose1/Exp5,processed\screwDriver_Pose1_Exp5.npz,2539,14.100615978240967,1195,2539,4,True,0.005555987358093262,0.01030731201171875,0,0,6918084098d064ef7e0fe0133dfbe7a4c5cafd4c1a6c3a6489a618fc2af9dbdc
screwDriver_Pose1_Exp6,screwDriver,Pose1,6,slipDataset_screwDriver_tactile.h5,GGCNN2/screwDriver/Pose1/Exp6,processed\screwDriver_Pose1_Exp6.npz,3678,20.428168296813965,1298,3678,6,True,0.005550861358642578,0.012189626693725586,0,0,41879b56e9d3a2cb3d76949823d7bc3e60dd32194e36d6c0ec6380cde51e4e26
screwDriver_Pose1_Exp7,screwDriver,Pose1,7,slipDataset_screwDriver_tactile.h5,GGCNN2/screwDriver/Pose1/Exp7,processed\screwDriver_Pose1_Exp7.npz,2158,11.982020378112793,1133,2158,2,True,0.005545377731323242,0.011530637741088867,0,0,e20c979d8850c068b5a556da48f528d4e2961f5d256f27be18c94b034e70739d
screwDriver_Pose1_Exp8,screwDriver,Pose1,8,slipDataset_screwDriver_tactile.h5,GGCNN2/screwDriver/Pose1/Exp8,processed\screwDriver_Pose1_Exp8.npz,4104,22.793704748153687,1395,4104,4,True,0.00554656982421875,0.01327657699584961,0,0,a2ea6c0c6ea28b556706fd17954ae5abe5b8937248b6cc2437a6cbf74768f0d0
screwDriver_Pose1_Exp9,screwDriver,Pose1,9,slipDataset_screwDriver_tactile.h5,GGCNN2/screwDriver/Pose1/Exp9,processed\screwDriver_Pose1_Exp9.npz,4130,22.938997268676758,1847,4130,4,True,0.005554914474487305,0.011085748672485352,0,0,5b75821d1c74aa675ab9f427285d69e469205a50dafe71fc6fb350e30febc1eb
screwDriver_Pose2_Exp1,screwDriver,Pose2,1,slipDataset_screwDriver_tactile.h5,GGCNN2/screwDriver/Pose2/Exp1,processed\screwDriver_Pose2_Exp1.npz,3829,21.266953945159912,0,3829,0,True,0.005547523498535156,0.010176420211791992,0,0,d6084c68d2b1f3dbae07d7ee2e025b8126edc0cc515f54cd6fd168d7f2ab9db3
screwDriver_Pose2_Exp10,screwDriver,Pose2,10,slipDataset_screwDriver_tactile.h5,GGCNN2/screwDriver/Pose2/Exp10,processed\screwDriver_Pose2_Exp10.npz,665,3.685120105743408,138,665,1,True,0.005537867546081543,0.011339664459228516,0,0,93a9067f66a264d90ec23d6dae5e831acc2738d488873ef845d02492ce59b792
screwDriver_Pose2_Exp2,screwDriver,Pose2,2,slipDataset_screwDriver_tactile.h5,GGCNN2/screwDriver/Pose2/Exp2,processed\screwDriver_Pose2_Exp2.npz,2018,11.210451126098633,376,2018,3,True,0.005542755126953125,0.013887166976928711,0,0,f94e65f17bf121e702b149b9fa014e0d01838a975650653c25cea0bff4dc9554
screwDriver_Pose2_Exp3,screwDriver,Pose2,3,slipDataset_screwDriver_tactile.h5,GGCNN2/screwDriver/Pose2/Exp3,processed\screwDriver_Pose2_Exp3.npz,2437,13.539695739746094,648,2437,3,True,0.005555391311645508,0.014339208602905273,0,0,0d17c016a42a09443d41a48aabfc64468ed95f6c03e1ad35497bd8895a88cd49
screwDriver_Pose2_Exp4,screwDriver,Pose2,4,slipDataset_screwDriver_tactile.h5,GGCNN2/screwDriver/Pose2/Exp4,processed\screwDriver_Pose2_Exp4.npz,2315,12.857120275497437,561,2315,4,True,0.005544066429138184,0.010593652725219727,0,0,7597d42e24e8395b1656f295c4ffea1411c71bbb3cd9599140469aa2dfdee561
screwDriver_Pose2_Exp5,screwDriver,Pose2,5,slipDataset_screwDriver_tactile.h5,GGCNN2/screwDriver/Pose2/Exp5,processed\screwDriver_Pose2_Exp5.npz,658,3.650753974914551,112,658,1,True,0.005580902099609375,0.011913537979125977,0,0,92a894d292c1728ad597b76cded716e6e65a947633244c5f94ca9d35de4261a4
screwDriver_Pose2_Exp6,screwDriver,Pose2,6,slipDataset_screwDriver_tactile.h5,GGCNN2/screwDriver/Pose2/Exp6,processed\screwDriver_Pose2_Exp6.npz,1820,10.104549169540405,662,1820,2,True,0.0055544376373291016,0.012645483016967773,0,0,9cbfa8f3854acaeb02ce89469c3b0250dce3f9136bd4af3c97a6fd1b3886ce9c
screwDriver_Pose2_Exp7,screwDriver,Pose2,7,slipDataset_screwDriver_tactile.h5,GGCNN2/screwDriver/Pose2/Exp7,processed\screwDriver_Pose2_Exp7.npz,2131,11.833505392074585,918,2131,2,True,0.005541324615478516,0.013855457305908203,0,0,ef102c33406196afb86bf1a1056144c72be2e92b5bd39c007ae1741ab2fdde40
screwDriver_Pose2_Exp8,screwDriver,Pose2,8,slipDataset_screwDriver_tactile.h5,GGCNN2/screwDriver/Pose2/Exp8,processed\screwDriver_Pose2_Exp8.npz,1795,9.964511632919312,660,1795,2,True,0.005547165870666504,0.01267695426940918,0,0,1b587122e1f6f7893862e82dec0f675a76628384237b5b7cf03e2a9aa10faf7c
screwDriver_Pose2_Exp9,screwDriver,Pose2,9,slipDataset_screwDriver_tactile.h5,GGCNN2/screwDriver/Pose2/Exp9,processed\screwDriver_Pose2_Exp9.npz,3764,20.931254863739014,0,3764,0,True,0.00554656982421875,0.019803524017333984,0,0,a98969c1128b6d4e72e6946d60882a4f85925b12eb07e04b65928c5d8bb4e8ac
screwDriver_Pose3_Exp1,screwDriver,Pose3,1,slipDataset_screwDriver_tactile.h5,GGCNN2/screwDriver/Pose3/Exp1,processed\screwDriver_Pose3_Exp1.npz,755,4.183924436569214,216,755,1,True,0.005552411079406738,0.006280183792114258,0,0,936b4d01c943c159dbf028d690790ca495c941248d84ab12f7b424025f2eb905
screwDriver_Pose3_Exp10,screwDriver,Pose3,10,slipDataset_screwDriver_tactile.h5,GGCNN2/screwDriver/Pose3/Exp10,processed\screwDriver_Pose3_Exp10.npz,4010,22.272374391555786,1615,4010,4,True,0.0055501461029052734,0.009416818618774414,0,0,9512abe3b0bdad41bf897e6877e647e550d30633c15789b082a188bc0cbd8bf1
screwDriver_Pose3_Exp2,screwDriver,Pose3,2,slipDataset_screwDriver_tactile.h5,GGCNN2/screwDriver/Pose3/Exp2,processed\screwDriver_Pose3_Exp2.npz,4030,22.383363485336304,1729,4030,7,True,0.005553722381591797,0.009549140930175781,0,0,929e399eaefa885520acd0050b2c53614044ae8d99ac0bac1bdd44dbacd85a77
screwDriver_Pose3_Exp3,screwDriver,Pose3,3,slipDataset_screwDriver_tactile.h5,GGCNN2/screwDriver/Pose3/Exp3,processed\screwDriver_Pose3_Exp3.npz,4213,23.400025606155396,1631,4213,5,True,0.005553483963012695,0.009444236755371094,0,0,243cbfa3db62c45704f7cc29109a20df1853ce01a90012fcabb403979d6fc484
screwDriver_Pose3_Exp4,screwDriver,Pose3,4,slipDataset_screwDriver_tactile.h5,GGCNN2/screwDriver/Pose3/Exp4,processed\screwDriver_Pose3_Exp4.npz,4170,23.16088080406189,1562,4170,5,True,0.005553483963012695,0.006960153579711914,0,0,4b4da4b35b53ba792a601cdcc6b8804d068e9ed32840c24ffceede89e2a46624
screwDriver_Pose3_Exp5,screwDriver,Pose3,5,slipDataset_screwDriver_tactile.h5,GGCNN2/screwDriver/Pose3/Exp5,processed\screwDriver_Pose3_Exp5.npz,3961,21.999809741973877,1099,3961,8,True,0.005553722381591797,0.007174253463745117,0,0,520fe71c3b1c0a31a9c683c79cacfa7a68bc641cc8276213815a477c9be149fe
screwDriver_Pose3_Exp6,screwDriver,Pose3,6,slipDataset_screwDriver_tactile.h5,GGCNN2/screwDriver/Pose3/Exp6,processed\screwDriver_Pose3_Exp6.npz,4213,23.400196075439453,1858,4213,7,True,0.0055539608001708984,0.009365081787109375,0,0,af61a162f84ea5322ec32317db23441b2aac3119c8b7f2c6b47ce7b064a63b1f
screwDriver_Pose3_Exp7,screwDriver,Pose3,7,slipDataset_screwDriver_tactile.h5,GGCNN2/screwDriver/Pose3/Exp7,processed\screwDriver_Pose3_Exp7.npz,3759,20.878222942352295,1181,3759,7,True,0.005553245544433594,0.007439374923706055,0,0,5c1f9b1414ef01a9b96854d219b124f83dcc58c0b111744177986735bee3b3ce
screwDriver_Pose3_Exp8,screwDriver,Pose3,8,slipDataset_screwDriver_tactile.h5,GGCNN2/screwDriver/Pose3/Exp8,processed\screwDriver_Pose3_Exp8.npz,2935,16.3004469871521,1231,2935,5,True,0.005550503730773926,0.010962724685668945,0,0,6752a0b23dec2ae92a0fb931b5cfaf7733ffa408fcd82757a9e1877f3d94ba90
screwDriver_Pose3_Exp9,screwDriver,Pose3,9,slipDataset_screwDriver_tactile.h5,GGCNN2/screwDriver/Pose3/Exp9,processed\screwDriver_Pose3_Exp9.npz,4077,22.644386768341064,1420,4077,7,True,0.0055544376373291016,0.009604215621948242,0,0,93bdb64c14f6172f383eaa01635622201aba4fa1c293881a18dcab5205412748
SpoolSolder_Pose1_Exp1,SpoolSolder,Pose1,1,slipDataset_SpoolSolder_tactile.h5,GGCNN2/SpoolSolder/Pose1/Exp1,processed\SpoolSolder_Pose1_Exp1.npz,4138,22.98309087753296,509,4011,3,True,0.005543947219848633,0.012744903564453125,0,0,179237ea24f8ee7d029cfbb1ba9fde7122d09895d967cf161f0612d3efdf8447
SpoolSolder_Pose1_Exp10,SpoolSolder,Pose1,10,slipDataset_SpoolSolder_tactile.h5,GGCNN2/SpoolSolder/Pose1/Exp10,processed\SpoolSolder_Pose1_Exp10.npz,4129,22.943794012069702,701,4129,3,True,0.005544424057006836,0.020627737045288086,0,1,ec077cd45d082bce7000ad419f244c9ca31ba61919f65a39d38e5de9c73df849
SpoolSolder_Pose1_Exp2,SpoolSolder,Pose1,2,slipDataset_SpoolSolder_tactile.h5,GGCNN2/SpoolSolder/Pose1/Exp2,processed\SpoolSolder_Pose1_Exp2.npz,4124,22.905587911605835,649,3875,2,True,0.005544424057006836,0.0066182613372802734,0,0,fda99c57508f7c61afac16aa554f9a4a9dfa3bb38b0e27b66415338c84d56512
SpoolSolder_Pose1_Exp3,SpoolSolder,Pose1,3,slipDataset_SpoolSolder_tactile.h5,GGCNN2/SpoolSolder/Pose1/Exp3,processed\SpoolSolder_Pose1_Exp3.npz,4192,23.283356428146362,770,4113,4,True,0.005547046661376953,0.011016368865966797,0,0,1837a7f8cc3570af7b7ab967e2c934cb0732457fcc32b2d602742ee879b0504d
SpoolSolder_Pose1_Exp4,SpoolSolder,Pose1,4,slipDataset_SpoolSolder_tactile.h5,GGCNN2/SpoolSolder/Pose1/Exp4,processed\SpoolSolder_Pose1_Exp4.npz,4069,22.60001492500305,1342,4069,5,True,0.005541801452636719,0.012656927108764648,0,0,fbdfab90d1f10807cc481ca36a43ace57adea4b1d798bef020e2ee4d2f528132
SpoolSolder_Pose1_Exp5,SpoolSolder,Pose1,5,slipDataset_SpoolSolder_tactile.h5,GGCNN2/SpoolSolder/Pose1/Exp5,processed\SpoolSolder_Pose1_Exp5.npz,4210,23.38327145576477,69,4210,1,True,0.00554347038269043,0.01302480697631836,0,0,6c42f60132f532fb778e03b685c29984a99b01e300f893d248a340b60b6da148
SpoolSolder_Pose1_Exp6,SpoolSolder,Pose1,6,slipDataset_SpoolSolder_tactile.h5,GGCNN2/SpoolSolder/Pose1/Exp6,processed\SpoolSolder_Pose1_Exp6.npz,2082,11.561356782913208,320,1863,2,True,0.005543708801269531,0.006922721862792969,0,0,ac4eb20076bad46f6708d1f36b9228899793f78cc410062f2ae167a324d7188b
SpoolSolder_Pose1_Exp7,SpoolSolder,Pose1,7,slipDataset_SpoolSolder_tactile.h5,GGCNN2/SpoolSolder/Pose1/Exp7,processed\SpoolSolder_Pose1_Exp7.npz,4253,23.622303247451782,155,4253,1,True,0.005545616149902344,0.006552934646606445,0,0,6f6818bfeef003ea8f726e5596f1131cdc4908c9d5293149be02ccb55f4c763f
SpoolSolder_Pose1_Exp8,SpoolSolder,Pose1,8,slipDataset_SpoolSolder_tactile.h5,GGCNN2/SpoolSolder/Pose1/Exp8,processed\SpoolSolder_Pose1_Exp8.npz,4142,23.005494594573975,1307,4123,2,True,0.005544424057006836,0.011867046356201172,0,0,01445148e3b6c17b0d24e4004b80b0c2fb7ce990c7c1752a1a48e6e683d68f4d
SpoolSolder_Pose1_Exp9,SpoolSolder,Pose1,9,slipDataset_SpoolSolder_tactile.h5,GGCNN2/SpoolSolder/Pose1/Exp9,processed\SpoolSolder_Pose1_Exp9.npz,1668,9.260969877243042,1071,1668,1,True,0.005546092987060547,0.0068705081939697266,0,0,ed8d2a39fbe6180bb54a74635ff9eec88c523ca9d2a322a207a71321f439f538
SpoolSolder_Pose2_Exp1,SpoolSolder,Pose2,1,slipDataset_SpoolSolder_tactile.h5,GGCNN2/SpoolSolder/Pose2/Exp1,processed\SpoolSolder_Pose2_Exp1.npz,666,3.694748878479004,56,666,1,True,0.005548715591430664,0.010111808776855469,0,0,fffc62ad51e17d1ddb99a1cde8f366ec2c67e7ca1f31482593c9dc4894dadb08
SpoolSolder_Pose2_Exp10,SpoolSolder,Pose2,10,slipDataset_SpoolSolder_tactile.h5,GGCNN2/SpoolSolder/Pose2/Exp10,processed\SpoolSolder_Pose2_Exp10.npz,2241,12.444407224655151,1394,2210,1,True,0.005542278289794922,0.006313800811767578,0,0,2b445e8c91a19ac3a59db54c5911926f8161afd5f805eee6944b3d29572b94c8
SpoolSolder_Pose2_Exp2,SpoolSolder,Pose2,2,slipDataset_SpoolSolder_tactile.h5,GGCNN2/SpoolSolder/Pose2/Exp2,processed\SpoolSolder_Pose2_Exp2.npz,2234,12.405505657196045,1511,2234,2,True,0.005542755126953125,0.010073423385620117,0,0,11efa2bb980f4c23339f40f8eb66326891d1dcbd3d8ee69df536bb97e03907fb
SpoolSolder_Pose2_Exp3,SpoolSolder,Pose2,3,slipDataset_SpoolSolder_tactile.h5,GGCNN2/SpoolSolder/Pose2/Exp3,processed\SpoolSolder_Pose2_Exp3.npz,4114,22.8498113155365,49,4099,1,True,0.005549192428588867,0.006721973419189453,0,0,3ee016a94b63ef343751e10b2eef24c06451b6532bccfab3057218c912019e44
SpoolSolder_Pose2_Exp4,SpoolSolder,Pose2,4,slipDataset_SpoolSolder_tactile.h5,GGCNN2/SpoolSolder/Pose2/Exp4,processed\SpoolSolder_Pose2_Exp4.npz,830,4.605611324310303,262,830,1,True,0.005539894104003906,0.012158393859863281,0,0,673e1012a1f6dd7484a4b15f856885ee0347b15f9c8685e0638b53ea59067b5e
SpoolSolder_Pose2_Exp5,SpoolSolder,Pose2,5,slipDataset_SpoolSolder_tactile.h5,GGCNN2/SpoolSolder/Pose2/Exp5,processed\SpoolSolder_Pose2_Exp5.npz,635,3.52219820022583,48,635,1,True,0.005545377731323242,0.006659269332885742,0,0,38e8ddd31bc99bd19f19bedee909d6a9f76c3e6420acc8908902a52086b44572
SpoolSolder_Pose2_Exp6,SpoolSolder,Pose2,6,slipDataset_SpoolSolder_tactile.h5,GGCNN2/SpoolSolder/Pose2/Exp6,processed\SpoolSolder_Pose2_Exp6.npz,4073,22.622328758239746,332,4073,2,True,0.005539894104003906,0.007438182830810547,0,0,8120d3d96370b88154989feada06aafff0af31c0511956ca1474dfde26812ef5
SpoolSolder_Pose2_Exp7,SpoolSolder,Pose2,7,slipDataset_SpoolSolder_tactile.h5,GGCNN2/SpoolSolder/Pose2/Exp7,processed\SpoolSolder_Pose2_Exp7.npz,4095,22.74421977996826,258,4095,4,True,0.005549192428588867,0.011335611343383789,0,0,c4be51cdd9567f87c19eb03cbde6c6af6e0513c08828e7be71cc81d8c0a3d581
SpoolSolder_Pose2_Exp8,SpoolSolder,Pose2,8,slipDataset_SpoolSolder_tactile.h5,GGCNN2/SpoolSolder/Pose2/Exp8,processed\SpoolSolder_Pose2_Exp8.npz,1427,7.92246675491333,239,1427,1,True,0.0055425167083740234,0.006287813186645508,0,0,cd5433553e4cdfc4dc6382b8d870848374fe2723015abad6c0b340361f38929a
SpoolSolder_Pose2_Exp9,SpoolSolder,Pose2,9,slipDataset_SpoolSolder_tactile.h5,GGCNN2/SpoolSolder/Pose2/Exp9,processed\SpoolSolder_Pose2_Exp9.npz,643,3.566547155380249,60,643,1,True,0.005542874336242676,0.005921840667724609,0,0,2df3c05515343a999e4e478d2cf266e93448261efb33c0f7e135a43056c4deb3
SpoolSolder_Pose3_Exp1,SpoolSolder,Pose3,1,slipDataset_SpoolSolder_tactile.h5,GGCNN2/SpoolSolder/Pose3/Exp1,processed\SpoolSolder_Pose3_Exp1.npz,4145,23.0222749710083,1216,4068,1,True,0.00554203987121582,0.01284480094909668,0,0,9ae34c07a9e7f739e65f8530d7e93863519abc587c0e2cb39176771b23c29412
SpoolSolder_Pose3_Exp10,SpoolSolder,Pose3,10,slipDataset_SpoolSolder_tactile.h5,GGCNN2/SpoolSolder/Pose3/Exp10,processed\SpoolSolder_Pose3_Exp10.npz,4127,22.922123908996582,711,4127,3,True,0.005541801452636719,0.00987553596496582,0,0,eef6c9bce2a959deb31a96b7a97f3f3b08e2be60f204ecc91a30433edf3443d5
SpoolSolder_Pose3_Exp2,SpoolSolder,Pose3,2,slipDataset_SpoolSolder_tactile.h5,GGCNN2/SpoolSolder/Pose3/Exp2,processed\SpoolSolder_Pose3_Exp2.npz,2144,11.922151327133179,302,2144,1,True,0.0055429935455322266,0.01894688606262207,0,0,4374cf56143018e2a02b780d97711d6d310c220c4d01debf2ccb7edb5d5780de
SpoolSolder_Pose3_Exp3,SpoolSolder,Pose3,3,slipDataset_SpoolSolder_tactile.h5,GGCNN2/SpoolSolder/Pose3/Exp3,processed\SpoolSolder_Pose3_Exp3.npz,970,5.3832008838653564,387,970,1,True,0.0055389404296875,0.006131172180175781,0,0,743b451f29e12e994bcaa61edda621164b896834e691c9ea0ba907502114a141
SpoolSolder_Pose3_Exp4,SpoolSolder,Pose3,4,slipDataset_SpoolSolder_tactile.h5,GGCNN2/SpoolSolder/Pose3/Exp4,processed\SpoolSolder_Pose3_Exp4.npz,4163,23.122291326522827,955,4163,3,True,0.005547046661376953,0.00680851936340332,0,0,64c6bfd99169051c0848ca1aa784c5b800fe14bc062717007e3ee484adbd887e
SpoolSolder_Pose3_Exp5,SpoolSolder,Pose3,5,slipDataset_SpoolSolder_tactile.h5,GGCNN2/SpoolSolder/Pose3/Exp5,processed\SpoolSolder_Pose3_Exp5.npz,3972,22.06126832962036,587,3925,1,True,0.005540370941162109,0.006692647933959961,0,0,ec1326b5a318ee6dc4de37a4366c860943255fdebf0abd8e3d4c6aa1974e37f2
SpoolSolder_Pose3_Exp6,SpoolSolder,Pose3,6,slipDataset_SpoolSolder_tactile.h5,GGCNN2/SpoolSolder/Pose3/Exp6,processed\SpoolSolder_Pose3_Exp6.npz,4149,23.044199228286743,1066,4149,4,True,0.005540251731872559,0.00742650032043457,0,0,682371b17f0eb3a11f704d5d56721b98fd9b49a2eff38e6986556e150eb03e85
SpoolSolder_Pose3_Exp7,SpoolSolder,Pose3,7,slipDataset_SpoolSolder_tactile.h5,GGCNN2/SpoolSolder/Pose3/Exp7,processed\SpoolSolder_Pose3_Exp7.npz,4077,22.644373893737793,1425,4077,3,True,0.005541324615478516,0.012590169906616211,0,0,c7c619aa2a7d6715d1288a9899b0a63b6186e5a731ede001cec3dcfa94c7d5f9
SpoolSolder_Pose3_Exp8,SpoolSolder,Pose3,8,slipDataset_SpoolSolder_tactile.h5,GGCNN2/SpoolSolder/Pose3/Exp8,processed\SpoolSolder_Pose3_Exp8.npz,4221,23.444315671920776,1334,4221,3,True,0.005540013313293457,0.01042938232421875,0,0,b2996514baaa606ac9d133cefd9088d8f5c3499107c30ba8c0d8e5fd20c7dc68
SpoolSolder_Pose3_Exp9,SpoolSolder,Pose3,9,slipDataset_SpoolSolder_tactile.h5,GGCNN2/SpoolSolder/Pose3/Exp9,processed\SpoolSolder_Pose3_Exp9.npz,4221,23.44445514678955,810,4197,2,True,0.005542874336242676,0.007956981658935547,0,0,0f0db8c99381b7830a82a74e554b6f93abfb9684a9209c27e934e84d55ab8da0
