rate,lag,n_train,model,seed,parameters,ap,f1,prevalence,precision,recall,brier,tp,fp,fn,n,threshold,query_ap,query_n,key_shuffled_ap,key_shuffled_query_ap,event_tp,event_fp,event_fn,event_f1,event_recall,false_alarms_per_min,detected_latency_sec_median,detected_signed_onset_difference_sec_median,event_duration_sec,seconds
0.01,2,64,mlp,0,19443,0.45171186991915646,0.6368477103301384,0.0091552734375,0.4679186228482003,0.9966666666666667,0.009754410302653251,299,340,1,32768,0.03517249599099159,0.45171186991915646,640,0.4744696002117789,0.47446960021177886,292,332,1,0.6368593238822247,0.9965870307167235,12.158203125,0.0,0.0,1638.4,1.331639499985613
0.01,2,64,mlp,1,19443,0.49356246609975146,0.6382978723404256,0.0091552734375,0.46875,1.0,0.009352452032856104,300,340,0,32768,0.013714371249079704,0.4935624660997515,640,0.49527818719532585,0.4952781871953259,293,331,0,0.6390403489640131,1.0,12.12158203125,0.0,0.0,1638.4,1.3760502000222914
0.01,2,64,mlp,2,19443,0.47592056656533993,0.6382070437566703,0.0091552734375,0.46938775510204084,0.9966666666666667,0.009506168078599173,299,338,1,32768,0.038347840309143066,0.47592056656534,640,0.4778039366378103,0.4778039366378103,292,329,1,0.6389496717724289,0.9965870307167235,12.04833984375,0.0,0.0,1638.4,1.2994517000042833
0.01,2,64,mlp,3,19443,0.49084312890510107,0.6374331550802139,0.0091552734375,0.4692913385826772,0.9933333333333333,0.009720070089096585,298,337,2,32768,0.48488345742225647,0.49084312890510107,640,0.49393734552698876,0.4939373455269887,292,328,1,0.6396495071193866,0.9965870307167235,12.01171875,0.0,0.0,1638.4,1.3455230999970809
0.01,2,64,mlp,4,19443,0.4517549440832507,0.6291891891891892,0.0091552734375,0.4656,0.97,0.00995150774340292,291,334,9,32768,0.8635482788085938,0.4517549440832506,640,0.4505979144667608,0.45059791446676073,285,325,8,0.6312292358803987,0.9726962457337884,11.90185546875,0.0,0.0,1638.4,1.3322900999919511
0.01,2,64,tcn,0,19111,0.9720360050346966,0.9195804195804196,0.0091552734375,0.9669117647058824,0.8766666666666667,0.0009596100760263966,263,9,37,32768,0.7328562140464783,0.9764211620950987,640,0.35251223425887795,0.4843138499056161,259,9,34,0.9233511586452763,0.8839590443686007,0.32958984375,0.0,0.0,1638.4,2.2527242000214756
0.01,2,64,tcn,1,19111,0.9941229029954549,0.9548387096774194,0.0091552734375,0.925,0.9866666666666667,0.0005205184913146569,296,24,4,32768,0.14822423458099365,0.9941844690847225,640,0.3994021401836118,0.4869931402632972,289,23,4,0.9553719008264463,0.9863481228668942,0.84228515625,0.0,0.0,1638.4,2.2833409000304528
0.01,2,64,tcn,2,19111,0.9979045867978125,0.9719934102141681,0.0091552734375,0.9609120521172638,0.9833333333333333,0.00036798909668713095,295,12,5,32768,0.04449261352419853,0.9981391110496727,640,0.3328647202176669,0.48508457157755536,289,12,4,0.9730639730639731,0.9863481228668942,0.43945312499999994,0.0,0.0,1638.4,2.213348900026176
0.01,2,64,tcn,3,19111,0.9946114650883253,0.9716193656093489,0.0091552734375,0.9732441471571907,0.97,0.000469275663177835,291,8,9,32768,0.38857167959213257,0.9954448286683169,640,0.342125894420513,0.49490691963122363,284,8,9,0.9709401709401709,0.9692832764505119,0.29296875,0.0,0.0,1638.4,2.3926759000169113
0.01,2,64,tcn,4,19111,0.9999002106796037,0.994991652754591,0.0091552734375,0.9966555183946488,0.9933333333333333,7.245529738695345e-05,298,1,2,32768,0.48709166049957275,0.9999110670283966,640,0.33373991085052007,0.4874386464903386,291,1,2,0.9948717948717949,0.9931740614334471,0.03662109375,0.0,0.0,1638.4,2.2614033999852836
0.01,2,64,gru,0,19169,0.9982475053090307,0.9817578772802653,0.0091552734375,0.976897689768977,0.9866666666666667,0.0002783667089968022,296,7,4,32768,0.9602363109588623,0.998247505309031,640,0.45205703548466775,0.4704349794447119,290,2,3,0.9914529914529915,0.9897610921501706,0.0732421875,0.0,0.0,1638.4,1.6181692000245675
0.01,2,64,gru,1,19169,0.9986630415490767,0.9817578772802653,0.0091552734375,0.976897689768977,0.9866666666666667,0.0003062736675725905,296,7,4,32768,0.9734535217285156,0.9986835874537643,640,0.45873304669598597,0.4928142510844038,289,1,4,0.9914236706689536,0.9863481228668942,0.03662109375,0.0,0.0,1638.4,1.607556399947498
0.01,2,64,gru,2,19169,0.9994993899649229,0.9915966386554622,0.0091552734375,1.0,0.9833333333333333,8.550063876192952e-05,295,0,5,32768,0.8862906694412231,0.9994993899649229,640,0.4533510262522507,0.4696995307641424,289,0,4,0.993127147766323,0.9863481228668942,0.0,0.0,0.0,1638.4,1.542112700000871
0.01,2,64,gru,3,19169,0.9987815444968698,0.964516129032258,0.0091552734375,0.934375,0.9966666666666667,0.00026943224356512706,299,21,1,32768,0.1684560626745224,0.9987815444968698,640,0.47340480676293295,0.5123721330394115,292,16,1,0.9717138103161398,0.9965870307167235,0.5859375,0.0,0.0,1638.4,1.6231891000061296
0.01,2,64,gru,4,19169,0.9933772073940214,0.98,0.0091552734375,0.98,0.98,0.00025852205231494043,294,6,6,32768,0.9786595702171326,0.9934082255664629,640,0.40813580606204347,0.4727936193536067,287,0,6,0.9896551724137931,0.9795221843003413,0.0,0.0,0.0,1638.4,1.574060599959921
0.01,2,64,mamba,0,19449,0.8582574030222921,0.845771144278607,0.0091552734375,0.8415841584158416,0.85,0.0031033441845562033,255,48,45,32768,0.00044597580563277006,0.9011395649053985,640,0.3060934229507324,0.4747099357391941,252,47,41,0.8513513513513513,0.8600682593856656,1.72119140625,0.0,0.0,1638.4,8.113170599972364
0.01,2,64,mamba,1,19449,0.9645314960743591,0.9114754098360656,0.0091552734375,0.896774193548387,0.9266666666666666,0.0018916327886036005,278,32,22,32768,0.001768553745932877,0.9704946740249991,640,0.3835756897224692,0.4916025358695658,272,32,21,0.9112227805695142,0.9283276450511946,1.171875,0.0,0.0,1638.4,6.411703800025862
0.01,2,64,mamba,2,19449,0.9891052234192258,0.9565217391304348,0.0091552734375,0.959731543624161,0.9533333333333334,0.0009640582694015696,286,12,14,32768,0.0007965469849295914,0.9918069669632559,640,0.3401500699868168,0.47922077269155455,279,12,14,0.9554794520547946,0.9522184300341296,0.43945312499999994,0.0,0.0,1638.4,6.790419799974188
0.01,2,64,mamba,3,19449,0.9281031099660548,0.8754098360655738,0.0091552734375,0.8612903225806452,0.89,0.0021744472493675573,267,43,33,32768,0.002693367190659046,0.9531320491864129,640,0.3585071639010203,0.5224393096591017,262,43,31,0.8762541806020067,0.89419795221843,1.57470703125,0.0,0.0,1638.4,6.43600729998434
0.01,2,64,mamba,4,19449,0.9999999999999999,0.998330550918197,0.0091552734375,1.0,0.9966666666666667,4.631142737075584e-05,299,0,1,32768,0.9971914887428284,0.9999999999999999,640,0.47824859700378874,0.4881970405685635,292,0,1,0.9982905982905983,0.9965870307167235,0.0,0.0,0.0,1638.4,6.176404400030151
0.01,2,256,mlp,0,19443,0.4441571711757697,0.6389776357827476,0.0091552734375,0.4694835680751174,1.0,0.010166851381996363,300,339,0,32768,0.8628602027893066,0.44415717117576964,640,0.45463142007263463,0.4546314200726347,293,330,0,0.6397379912663755,1.0,12.0849609375,0.0,0.0,1638.4,1.226658200030215
0.01,2,256,mlp,1,19443,0.4948928040499344,0.6395721925133689,0.0091552734375,0.47086614173228347,0.9966666666666667,0.010057226799503525,299,336,1,32768,0.8649449348449707,0.4948928040499344,640,0.49178491583978967,0.4917849158397897,292,328,1,0.6396495071193866,0.9965870307167235,12.01171875,0.0,0.0,1638.4,1.2104493000078946
0.01,2,256,mlp,2,19443,0.46667089406222145,0.6409431939978564,0.0091552734375,0.47235387045813587,0.9966666666666667,0.009964960284719354,299,334,1,32768,0.888349711894989,0.46667089406222145,640,0.4707038964455782,0.4707038964455783,292,325,1,0.6417582417582418,0.9965870307167235,11.90185546875,0.0,0.0,1638.4,1.247984700021334
0.01,2,256,mlp,3,19443,0.4573713117108156,0.6382978723404256,0.0091552734375,0.46875,1.0,0.01019235309763496,300,340,0,32768,0.9145576357841492,0.4573713117108156,640,0.44640261285533217,0.44640261285533217,293,331,0,0.6390403489640131,1.0,12.12158203125,0.0,0.0,1638.4,1.2309539000270888
0.01,2,256,mlp,4,19443,0.474724366021273,0.6338329764453962,0.0091552734375,0.4668769716088328,0.9866666666666667,0.010191336306990307,296,338,4,32768,0.9643862843513489,0.474724366021273,640,0.4627716240625608,0.4627716240625607,289,329,4,0.6344676180021954,0.9863481228668942,12.04833984375,0.0,0.0,1638.4,1.250493000028655
0.01,2,256,tcn,0,19111,0.9999666664197504,0.9983361064891847,0.0091552734375,0.9966777408637874,1.0,9.345301698305235e-05,300,1,0,32768,0.8540615439414978,0.9999666664197504,640,0.34758215011940213,0.4878051298974255,293,1,0,0.9982964224872232,1.0,0.03662109375,0.0,0.0,1638.4,2.2769782000104897
0.01,2,256,tcn,1,19111,1.0,0.9966555183946488,0.0091552734375,1.0,0.9933333333333333,2.114941719274036e-05,298,0,2,32768,0.96543949842453,1.0,640,0.33968327534282805,0.48749399348564826,291,0,2,0.9965753424657534,0.9931740614334471,0.0,0.0,0.0,1638.4,2.1238180000218563
0.01,2,256,tcn,2,19111,1.0,0.9932885906040269,0.0091552734375,1.0,0.9866666666666667,4.1962972916058605e-05,296,0,4,32768,0.9876343607902527,1.0000000000000002,640,0.3870776248747168,0.5093530560783937,290,0,3,0.9948542024013722,0.9897610921501706,0.0,0.0,0.0,1638.4,2.2007486000075005
0.01,2,256,tcn,3,19111,1.0,0.9933774834437086,0.0091552734375,0.9868421052631579,1.0,4.0522436291254083e-05,300,4,0,32768,0.23399725556373596,1.0,640,0.3311610227314903,0.481617804908554,293,4,0,0.9932203389830508,1.0,0.146484375,0.0,0.0,1638.4,2.147757600003388
0.01,2,256,tcn,4,19111,0.9999999999999999,0.9983361064891847,0.0091552734375,0.9966777408637874,1.0,2.5594197856722494e-05,300,1,0,32768,0.6528318524360657,1.0,640,0.34339332313417675,0.48963124794979196,293,1,0,0.9982964224872232,1.0,0.03662109375,0.0,0.0,1638.4,2.32492889999412
0.01,2,256,gru,0,19169,0.9957424100345853,0.9798657718120806,0.0091552734375,0.9864864864864865,0.9733333333333334,0.003640726780167761,292,4,8,32768,0.9664433002471924,0.9957424100345853,640,0.4677226927297821,0.46781144753691783,285,0,8,0.986159169550173,0.9726962457337884,0.0,0.0,0.0,1638.4,1.4591270000091754
0.01,2,256,gru,1,19169,1.0,1.0,0.0091552734375,1.0,1.0,0.0006690009299653466,300,0,0,32768,0.9787490963935852,1.0,640,0.46006845898224213,0.4694656589921966,293,0,0,1.0,1.0,0.0,0.0,0.0,1638.4,1.4529827000224032
0.01,2,256,gru,2,19169,0.9996919786271835,0.9884678747940692,0.0091552734375,0.9771986970684039,1.0,0.0002493313447836557,300,7,0,32768,0.781470775604248,0.9996919786271837,640,0.45040845498491494,0.48426282829295025,293,1,0,0.9982964224872232,1.0,0.03662109375,0.0,0.0,1638.4,1.4404612999642268
0.01,2,256,gru,3,19169,1.0,1.0,0.0091552734375,1.0,1.0,0.00027878078872093433,300,0,0,32768,0.9889609217643738,1.0,640,0.48094835894068344,0.4896706107709522,293,0,0,1.0,1.0,0.0,0.0,0.0,1638.4,1.4746115999878384
0.01,2,256,gru,4,19169,0.9998021766214729,0.9899665551839465,0.0091552734375,0.9932885906040269,0.9866666666666667,0.00030025162180661756,296,2,4,32768,0.9743523001670837,0.999802176621473,640,0.43875005527508304,0.477517154708318,289,0,4,0.993127147766323,0.9863481228668942,0.0,0.0,0.0,1638.4,1.4980127000017092
0.01,2,256,mamba,0,19449,0.9998312236286919,0.9966666666666667,0.0091552734375,0.9966666666666667,0.9966666666666667,3.1284674184908605e-05,299,1,1,32768,0.0204785093665123,0.9999889258028793,640,0.25862661227313016,0.47736927467926,292,1,1,0.9965870307167235,0.9965870307167235,0.03662109375,0.0,0.0,1638.4,6.675882400013506
0.01,2,256,mamba,1,19449,1.0,0.998330550918197,0.0091552734375,1.0,0.9966666666666667,6.753714430422552e-05,299,0,1,32768,0.9987412095069885,1.0,640,0.4961040085293595,0.4961445200655823,293,0,0,1.0,1.0,0.0,0.0,0.0,1638.4,6.969826299988199
0.01,2,256,mamba,2,19449,0.9999666664197504,0.994991652754591,0.0091552734375,0.9966555183946488,0.9933333333333333,9.833193805103612e-05,298,1,2,32768,0.9951157569885254,0.9999666664197504,640,0.33376873875086926,0.48618961607543487,291,1,2,0.9948717948717949,0.9931740614334471,0.03662109375,0.0,0.0,1638.4,6.622806600003969
0.01,2,256,mamba,3,19449,0.9999889258028793,0.9950248756218906,0.0091552734375,0.9900990099009901,1.0,3.313126254211452e-05,300,3,0,32768,0.015474475920200348,0.9999889258028793,640,0.4381431353126066,0.4785351585637746,293,3,0,0.9949066213921901,1.0,0.10986328124999999,0.0,0.0,1638.4,7.582876700034831
0.01,2,256,mamba,4,19449,0.9999999999999999,0.9949748743718593,0.0091552734375,1.0,0.99,2.303032556813724e-07,297,0,3,32768,0.997516393661499,1.0,640,0.463039810609975,0.4649006130823302,290,0,3,0.9948542024013722,0.9897610921501706,0.0,0.0,0.0,1638.4,7.63035419996595
0.01,64,64,mlp,0,19443,0.5301440644235095,0.6715481171548117,0.00994873046875,0.5095238095238095,0.9846625766871165,0.00876611397904177,321,309,5,32768,0.02180519700050354,0.5301513772516726,640,0.5294758556769068,0.5294758556769068,318,297,5,0.6780383795309168,0.9845201238390093,10.87646484375,0.0,0.0,1638.4,1.3359804000356235
0.01,64,64,mlp,1,19443,0.5002506731253858,0.6701461377870563,0.00994873046875,0.5079113924050633,0.9846625766871165,0.008990591575149483,321,311,5,32768,0.5299286842346191,0.500250673125386,640,0.5149606406388018,0.5149606406388016,318,299,5,0.676595744680851,0.9845201238390093,10.94970703125,0.0,0.0,1638.4,1.4900033000158146
0.01,64,64,mlp,2,19443,0.5439151890604415,0.6701352757544224,0.00994873046875,0.5070866141732283,0.9877300613496932,0.009107659586571896,322,313,4,32768,0.5760511755943298,0.5439151890604415,640,0.5269096936199771,0.5269096936199771,319,301,4,0.6765641569459173,0.9876160990712074,11.02294921875,0.0,0.0,1638.4,1.3802628999692388
0.01,64,64,mlp,3,19443,0.4752024755769073,0.6666666666666666,0.00994873046875,0.5055467511885895,0.9785276073619632,0.008953633220040232,319,312,7,32768,0.11724353581666946,0.4756931642157069,640,0.47933685922423963,0.4793417268254857,316,300,7,0.6730564430244942,0.978328173374613,10.986328125,0.0,0.0,1638.4,1.227294799988158
0.01,64,64,mlp,4,19443,0.5052844988459817,0.6763485477178424,0.00994873046875,0.5109717868338558,1.0,0.009311751018754071,326,312,0,32768,0.8573217391967773,0.5052844988459817,640,0.48933871029720605,0.489338710297206,323,299,0,0.6835978835978836,1.0,10.94970703125,0.0,0.0,1638.4,1.2477790000266396
0.01,64,64,tcn,0,19111,0.4389318025459382,0.5595375722543353,0.00994873046875,0.4489795918367347,0.7423312883435583,0.008102445238784,242,297,84,32768,0.023802606388926506,0.5043544689192192,640,0.44282990659235466,0.507961930324623,241,289,82,0.5650644783118406,0.7461300309597523,10.58349609375,0.0,0.0,1638.4,2.0807875999598764
0.01,64,64,tcn,1,19111,0.39602956030550523,0.5032765399737876,0.00994873046875,0.43935926773455375,0.588957055214724,0.008463718638773083,192,245,134,32768,0.07553504407405853,0.49301101644568146,640,0.4165126670372258,0.5117543973104395,191,242,132,0.5052910052910053,0.5913312693498453,8.8623046875,0.0,0.0,1638.4,2.1026121999602765
0.01,64,64,tcn,2,19111,0.5084614279849355,0.6280623608017817,0.00994873046875,0.493006993006993,0.8650306748466258,0.008147469422764364,282,290,44,32768,0.13035200536251068,0.5129276359665289,640,0.5088708373889524,0.5138158580273869,279,277,44,0.6348122866894198,0.8637770897832817,10.14404296875,0.0,0.0,1638.4,2.1028024000115693
0.01,64,64,tcn,3,19111,0.45271029743437124,0.5802615933412604,0.00994873046875,0.47378640776699027,0.7484662576687117,0.00801395987841275,244,271,82,32768,0.03249924257397652,0.5083546327461053,640,0.4518194852259526,0.5038295251741824,243,262,80,0.5869565217391305,0.7523219814241486,9.5947265625,0.0,0.0,1638.4,2.0700214999960735
0.01,64,64,tcn,4,19111,0.4655613927936048,0.554726368159204,0.00994873046875,0.4665271966527197,0.6840490797546013,0.008782446858418478,223,255,103,32768,0.17510920763015747,0.48687431324161135,640,0.4739338428934423,0.49693347346879513,223,247,100,0.562421185372005,0.6904024767801857,9.04541015625,0.0,0.0,1638.4,2.192536199989263
0.01,64,64,gru,0,19169,0.5225108533491982,0.6735751295336787,0.00994873046875,0.5086071987480438,0.9969325153374233,0.009309861268584234,325,314,1,32768,0.9121177196502686,0.5225108533491982,640,0.5237435603295706,0.5237435603295706,322,301,1,0.6807610993657506,0.9969040247678018,11.02294921875,0.0,0.0,1638.4,1.4241202999837697
0.01,64,64,gru,1,19169,0.4946071764703603,0.6375545851528385,0.00994873046875,0.49491525423728816,0.8957055214723927,0.008842217348181398,292,298,34,32768,0.14924003183841705,0.5052977381983956,640,0.4996889809808267,0.5127818084361745,289,286,34,0.643652561247216,0.8947368421052632,10.4736328125,0.0,0.0,1638.4,1.439414200023748
0.01,64,64,gru,2,19169,0.527769740940851,0.6645833333333333,0.00994873046875,0.5031545741324921,0.9785276073619632,0.008953975794324625,319,315,7,32768,0.33918508887290955,0.5279225294585596,640,0.5252113552661449,0.5254074000394771,316,301,7,0.6723404255319149,0.978328173374613,11.02294921875,0.0,0.0,1638.4,1.4439098999719135
0.01,64,64,gru,3,19169,0.47895339258587544,0.6482465462274176,0.00994873046875,0.4959349593495935,0.9355828220858896,0.008330540967243519,305,310,21,32768,0.10136837512254715,0.4815115991933808,640,0.4867070409307291,0.48930588064022956,302,287,21,0.6622807017543859,0.934984520123839,10.51025390625,0.0,0.0,1638.4,1.5078634999808855
0.01,64,64,gru,4,19169,0.47441570291952,0.6638655462184874,0.00994873046875,0.5047923322683706,0.9693251533742331,0.009219380875117159,316,310,10,32768,0.9304611682891846,0.47441570291951995,640,0.4786681630518459,0.4786681630518459,313,298,10,0.6702355460385439,0.9690402476780186,10.9130859375,0.0,0.0,1638.4,1.5070363000268117
0.01,64,64,mamba,0,19449,0.5018491837781157,0.6468571428571429,0.00994873046875,0.5154826958105647,0.8680981595092024,0.008990566829184232,283,266,43,32768,0.058128830045461655,0.5195472873045488,640,0.5026744253160532,0.5198447961596921,282,257,41,0.654292343387471,0.8730650154798761,9.41162109375,0.0,0.0,1638.4,6.3948378000059165
0.01,64,64,mamba,1,19449,0.47471663726079255,0.6360655737704918,0.00994873046875,0.4940577249575552,0.8926380368098159,0.009672938392288739,291,298,35,32768,0.020560072734951973,0.4847183558902637,640,0.47261482857087883,0.4902483768383111,289,287,34,0.64293659621802,0.8947368421052632,10.51025390625,0.0,0.0,1638.4,6.153047599946149
0.01,64,64,mamba,2,19449,0.5496477587531474,0.6254375729288215,0.00994873046875,0.504708097928437,0.8220858895705522,0.008903522891774537,268,263,58,32768,0.04001954197883606,0.5611568348418987,640,0.5249357567923147,0.5370122843687759,266,254,57,0.631079478054567,0.8235294117647058,9.3017578125,0.0,0.0,1638.4,6.313606999989133
0.01,64,64,mamba,3,19449,0.41580884441311167,0.6013986013986014,0.00994873046875,0.4849624060150376,0.7914110429447853,0.010186907228126693,258,274,68,32768,0.020779656246304512,0.4774813179701577,640,0.4304824045506538,0.4984401845091878,256,266,67,0.6059171597633136,0.7925696594427245,9.7412109375,0.0,0.0,1638.4,6.483369200024754
0.01,64,64,mamba,4,19449,0.4860257185787605,0.653551912568306,0.00994873046875,0.5076400679117148,0.9171779141104295,0.00936260399540636,299,290,27,32768,0.007976576685905457,0.4928087879097489,640,0.46398785229797146,0.47182854609502867,296,279,27,0.6592427616926503,0.9164086687306502,10.21728515625,0.0,0.0,1638.4,7.160374299972318
0.01,64,256,mlp,0,19443,0.546042291184008,0.6749482401656315,0.00994873046875,0.509375,1.0,0.009170971235133663,326,314,0,32768,0.14700305461883545,0.5460422911840082,640,0.5385297677817729,0.5385297677817729,323,301,0,0.6821541710665259,1.0,11.02294921875,0.0,0.0,1638.4,1.1170835999655537
0.01,64,256,mlp,1,19443,0.5505704370841211,0.664576802507837,0.00994873046875,0.5039619651347068,0.9754601226993865,0.009387863819315246,318,313,8,32768,0.9770845770835876,0.5505704370841211,640,0.5399772752885669,0.539977275288567,315,300,8,0.6716417910447762,0.9752321981424149,10.986328125,0.0,0.0,1638.4,1.1328269999939948
0.01,64,256,mlp,2,19443,0.4960183532509015,0.6533333333333333,0.00994873046875,0.5121951219512195,0.901840490797546,0.009228020331623718,294,280,32,32768,0.9597071409225464,0.4960183532509016,640,0.48867639419236264,0.4886763941923626,291,268,32,0.6598639455782312,0.9009287925696594,9.814453125,0.0,0.0,1638.4,1.0627662000479177
0.01,64,256,mlp,3,19443,0.509309952659944,0.6543878656554712,0.00994873046875,0.5058626465661642,0.9263803680981595,0.009401993188099287,302,295,24,32768,0.984430730342865,0.509309952659944,640,0.5219786405926419,0.5219786405926419,300,286,23,0.6600660066006601,0.9287925696594427,10.4736328125,0.0,0.0,1638.4,1.048075400001835
0.01,64,256,mlp,4,19443,0.5491976783044452,0.6749482401656315,0.00994873046875,0.509375,1.0,0.009337108610643267,326,314,0,32768,0.9282364249229431,0.5491976783044452,640,0.5211541296308841,0.5211541296308841,323,301,0,0.6821541710665259,1.0,11.02294921875,0.0,0.0,1638.4,1.0714344999869354
0.01,64,256,tcn,0,19111,0.48960693028166147,0.6070215175537939,0.00994873046875,0.48114901256732495,0.8220858895705522,0.008786994515142133,268,289,58,32768,0.08711975067853928,0.5200519149709266,640,0.4898484316610468,0.5195492633352612,266,273,57,0.617169373549884,0.8235294117647058,9.99755859375,0.0,0.0,1638.4,2.3337045999942347
0.01,64,256,tcn,1,19111,0.5025143932841811,0.6113744075829384,0.00994873046875,0.4980694980694981,0.7914110429447853,0.009244363814031953,258,260,68,32768,0.6653698682785034,0.5239873547852653,640,0.5087808790257046,0.5274961510769195,256,252,67,0.6161251504211793,0.7925696594427245,9.228515625,0.0,0.0,1638.4,2.1099166000494733
0.01,64,256,tcn,2,19111,0.494859485963423,0.6728971962616822,0.00994873046875,0.5086342229199372,0.9938650306748467,0.009051539482530482,324,313,2,32768,0.2424401044845581,0.49485948596342294,640,0.4973750791816025,0.4973750791816025,321,300,2,0.6800847457627118,0.9938080495356038,10.986328125,0.0,0.0,1638.4,2.239564799994696
0.01,64,256,tcn,3,19111,0.5153981601406591,0.65814696485623,0.00994873046875,0.5040783034257749,0.9478527607361963,0.008481814181945936,309,304,17,32768,0.2812984883785248,0.5191057422099732,640,0.5039577620149407,0.5101755025974808,306,291,17,0.6652173913043479,0.9473684210526315,10.65673828125,0.0,0.0,1638.4,2.2559902000357397
0.01,64,256,tcn,4,19111,0.5145543922092741,0.652452025586354,0.00994873046875,0.5,0.9386503067484663,0.008490518612570642,306,306,20,32768,0.201111301779747,0.5165128940298436,640,0.5219976770645776,0.5245168554109294,304,292,19,0.661588683351469,0.9411764705882353,10.693359375,0.0,0.0,1638.4,2.470568200049456
0.01,64,256,gru,0,19169,0.5356727832342371,0.6749482401656315,0.00994873046875,0.509375,1.0,0.00939166368593035,326,314,0,32768,0.9528931379318237,0.5356727832342372,640,0.5374432784608454,0.5374432784608454,323,301,0,0.6821541710665259,1.0,11.02294921875,0.0,0.0,1638.4,1.635783400037326
0.01,64,256,gru,1,19169,0.5229397644320904,0.6737064413938754,0.00994873046875,0.5136876006441223,0.9785276073619632,0.009330995733131611,319,302,7,32768,0.9669761657714844,0.5229397644320906,640,0.5385751834548507,0.5385751834548507,318,302,5,0.6744432661717922,0.9845201238390093,11.0595703125,0.0,0.0,1638.4,1.456506700022146
0.01,64,256,gru,2,19169,0.5341145755383837,0.6694736842105263,0.00994873046875,0.5096153846153846,0.9754601226993865,0.009379706330699261,318,306,8,32768,0.9816821217536926,0.5341145755383837,640,0.5317074709251077,0.5317074709251078,315,297,8,0.6737967914438503,0.9752321981424149,10.87646484375,0.0,0.0,1638.4,1.4345435000141151
0.01,64,256,gru,3,19169,0.4954897978639357,0.6694386694386695,0.00994873046875,0.5062893081761006,0.9877300613496932,0.009396716135200763,322,314,4,32768,0.9777750372886658,0.49548979786393577,640,0.4933246654718525,0.4933246654718525,319,301,4,0.6765641569459173,0.9876160990712074,11.02294921875,0.0,0.0,1638.4,1.3944229999906383
0.01,64,256,gru,4,19169,0.5031259060527301,0.658772874058127,0.00994873046875,0.5074626865671642,0.9386503067484663,0.009355563190971593,306,297,20,32768,0.9819340109825134,0.5031259060527302,640,0.5065176854997766,0.5065176854997766,306,297,17,0.6609071274298056,0.9473684210526315,10.87646484375,0.0,0.0,1638.4,1.4121108999825083
0.01,64,256,mamba,0,19449,0.5130260057112914,0.6722164412070759,0.00994873046875,0.5086614173228347,0.99079754601227,0.009416766110434339,323,312,3,32768,0.9877094030380249,0.5130260057112914,640,0.5119937642996033,0.5119937642996033,320,300,3,0.6786850477200425,0.9907120743034056,10.986328125,0.0,0.0,1638.4,6.703914199955761
0.01,64,256,mamba,1,19449,0.5019515117350608,0.6631016042780749,0.00994873046875,0.5090311986863711,0.950920245398773,0.009525850322699678,310,299,16,32768,0.9861741065979004,0.5026040186997358,640,0.5290228932855071,0.5300336194338842,308,289,15,0.6695652173913044,0.9535603715170279,10.58349609375,0.0,0.0,1638.4,6.427951799996663
0.01,64,256,mamba,2,19449,0.5002504980281239,0.6602972399150743,0.00994873046875,0.5048701298701299,0.9539877300613497,0.0093239814999867,311,305,15,32768,0.14515501260757446,0.5005958803886936,640,0.5302343942235145,0.5304821124220911,308,293,15,0.6666666666666666,0.9535603715170279,10.72998046875,0.0,0.0,1638.4,6.662187800044194
0.01,64,256,mamba,3,19449,0.4978955841528041,0.6735966735966736,0.00994873046875,0.5094339622641509,0.9938650306748467,0.009441673595168273,324,312,2,32768,0.9902439713478088,0.49789558415280416,640,0.49145271410608005,0.4914527141060801,321,299,2,0.6808059384941676,0.9938080495356038,10.94970703125,0.0,0.0,1638.4,6.053790200036019
0.01,64,256,mamba,4,19449,0.5331897169670005,0.6756756756756757,0.00994873046875,0.5110062893081762,0.9969325153374233,0.00938626127003534,325,311,1,32768,0.980521559715271,0.5331897169670005,640,0.5229121985657239,0.5229121985657239,322,298,1,0.6829268292682927,0.9969040247678018,10.9130859375,0.0,0.0,1638.4,6.181420999986585
0.2,2,64,mlp,0,19443,0.5047207674355724,0.6698989898989899,0.202392578125,0.5036452004860267,1.0,0.1344511709143443,6632,6536,0,32768,0.4907884895801544,0.5047207674355724,13172,0.5029683807894458,0.502968380789446,4903,2978,352,0.7464981729598051,0.9330161750713606,109.0576171875,0.0,0.0,1638.4,1.3154858000343665
0.2,2,64,mlp,1,19443,0.5110148011159903,0.6695621433260946,0.202392578125,0.5033791479990888,0.9995476477683957,0.12964159335275693,6629,6540,3,32768,0.3851025402545929,0.5110148011159903,13172,0.5103506035338908,0.510350603533891,4902,2980,353,0.7462891071020781,0.932825880114177,109.130859375,0.0,0.0,1638.4,1.2089956999989226
0.2,2,64,mlp,2,19443,0.5005030827468688,0.6697646226891605,0.202392578125,0.5035698010025824,0.9996984318455971,0.13478770613870966,6630,6536,2,32768,0.6195371747016907,0.5005030827468688,13172,0.5014755034596738,0.5014755034596738,4902,2978,353,0.746402740768938,0.932825880114177,109.0576171875,0.0,0.0,1638.4,1.2042548999888822
0.2,2,64,mlp,3,19443,0.5022325596889254,0.6696631483258422,0.202392578125,0.5034550839091807,0.9996984318455971,0.1399917815348146,6630,6539,2,32768,0.5346332788467407,0.5022325596889253,13172,0.5004283675171293,0.5004283675171293,4900,2980,355,0.7460982108869433,0.9324452901998097,109.130859375,0.0,0.0,1638.4,1.191810499993153
0.2,2,64,mlp,4,19443,0.5035648982444334,0.6678872952904079,0.202392578125,0.5039140445126631,0.9900482509047045,0.13143108879848975,6566,6464,66,32768,0.6570762991905212,0.5035648982444334,13172,0.5036071780489528,0.5036071780489528,4874,2994,381,0.742817953211918,0.9274976213130353,109.6435546875,0.0,0.0,1638.4,1.2505764999659732
0.2,2,64,tcn,0,19111,1.0,0.9999246136449302,0.202392578125,0.9998492386552088,1.0,9.82703157425278e-05,6632,1,0,32768,0.7962684035301208,1.0,13172,0.41766771697767036,0.5044542894856769,5255,1,0,0.9999048615735896,1.0,0.03662109375,0.0,0.0,1638.4,2.541299899981823
0.2,2,64,tcn,1,19111,1.0,0.9997737727169896,0.202392578125,1.0,0.9995476477683957,1.3628587226387276e-05,6629,0,3,32768,0.8781057000160217,1.0,13172,0.41175753036602386,0.5042541425972561,5254,0,1,0.9999048434675041,0.9998097050428164,0.0,0.0,0.0,1638.4,2.0677998999599367
0.2,2,64,tcn,2,19111,1.0,0.9998491931835319,0.202392578125,1.0,0.9996984318455971,5.774413246501503e-06,6630,0,2,32768,0.9217249751091003,1.0,13172,0.4247315263459063,0.5050140557940634,5253,0,2,0.9998096688237533,0.9996194100856327,0.0,0.0,0.0,1638.4,2.002608100010548
0.2,2,64,tcn,3,19111,1.0,1.0,0.202392578125,1.0,1.0,4.776102456246079e-05,6632,0,0,32768,0.9412888288497925,1.0,13172,0.4196253552486047,0.506786442765692,5255,0,0,1.0,1.0,0.0,0.0,0.0,1638.4,2.2743978000362404
0.2,2,64,tcn,4,19111,0.9999999090497887,0.9995474430532508,0.202392578125,1.0,0.9990952955367913,7.12828952636231e-05,6626,0,6,32768,0.9197991490364075,0.9999999090497887,13172,0.4243523040817114,0.5068002085912018,5251,0,4,0.9996192651818009,0.9992388201712654,0.0,0.0,0.0,1638.4,2.0543082000222057
0.2,2,64,gru,0,19169,0.9999993182639662,0.9993964996982498,0.202392578125,1.0,0.9987937273823885,0.01796009064471994,6624,0,8,32768,0.6772434711456299,0.9999993182639662,13172,0.4287482431951517,0.5001224761085716,5247,0,8,0.9992382403351743,0.998477640342531,0.0,0.0,0.0,1638.4,1.4833249999792315
0.2,2,64,gru,1,19169,1.0,0.9998491931835319,0.202392578125,1.0,0.9996984318455971,0.010477610030562776,6630,0,2,32768,0.7759661078453064,1.0,13172,0.3953372964256743,0.5060297163014804,5253,0,2,0.9998096688237533,0.9996194100856327,0.0,0.0,0.0,1638.4,1.4796502999961376
0.2,2,64,gru,2,19169,1.0,0.9996228976544234,0.202392578125,1.0,0.9992460796139928,0.00012165832745967145,6627,0,5,32768,0.9765883684158325,1.0,13172,0.412186917296944,0.5019067563907358,5253,1,2,0.9997145304025121,0.9996194100856327,0.03662109375,0.0,0.0,1638.4,1.4439134999993257
0.2,2,64,gru,3,19169,1.0,0.9997737727169896,0.202392578125,1.0,0.9995476477683957,0.00014731701418916978,6629,0,3,32768,0.970289409160614,1.0,13172,0.4161608745564493,0.5018237597554374,5252,0,3,0.9997144760635767,0.9994291151284491,0.0,0.0,0.0,1638.4,1.4622683000052348
0.2,2,64,gru,4,19169,1.0,1.0,0.202392578125,1.0,1.0,0.013365495176444657,6632,0,0,32768,0.6471657752990723,1.0,13172,0.41531027159398626,0.5039554952343719,5255,0,0,1.0,1.0,0.0,0.0,0.0,1638.4,1.4840172999538481
0.2,2,64,mamba,0,19449,0.9999953794505905,0.9992465340566606,0.202392578125,0.998644578313253,0.9998492159227985,0.00023973862132606197,6631,9,1,32768,0.3449527621269226,0.9999955141197209,13172,0.44256867096967456,0.5063245443435823,5253,8,2,0.999049068086725,0.9996194100856327,0.29296875,0.0,0.0,1638.4,6.978001999959815
0.2,2,64,mamba,1,19449,0.9999996367364968,0.9996984773104176,0.202392578125,0.9995477841422973,0.9998492159227985,0.00020669248429288912,6631,3,1,32768,0.8342300057411194,0.9999997047798376,13172,0.4734347852397143,0.49774875182309486,5254,3,1,0.9996194824961948,0.9998097050428164,0.10986328124999999,0.0,0.0,1638.4,6.684606900031213
0.2,2,64,mamba,2,19449,0.999999636606421,0.9996984773104176,0.202392578125,0.9995477841422973,0.9998492159227985,6.420598934693783e-05,6631,3,1,32768,0.06123743951320648,0.9999997499947889,13172,0.4096040129066165,0.5029643461317324,5254,3,1,0.9996194824961948,0.9998097050428164,0.10986328124999999,0.0,0.0,1638.4,6.734641599992756
0.2,2,64,mamba,3,19449,0.9999986613759675,0.9994721363396426,0.202392578125,0.9996982953688339,0.9992460796139928,0.00025950738944323316,6627,2,5,32768,0.9584547877311707,0.9999988650760142,13172,0.43536922996837135,0.5092876896197607,5251,0,4,0.9996192651818009,0.9992388201712654,0.0,0.0,0.0,1638.4,7.044432600028813
0.2,2,64,mamba,4,19449,0.9999999317924851,0.9991699992454539,0.202392578125,1.0,0.998341375150784,0.00013182424034792023,6621,0,11,32768,0.9701794385910034,0.9999999317924851,13172,0.4432753284818799,0.5007856172926486,5253,0,2,0.9998096688237533,0.9996194100856327,0.0,0.0,0.0,1638.4,6.642982900026254
0.2,2,256,mlp,0,19443,0.5047061985273055,0.6697335827309034,0.202392578125,0.5037645448323066,0.9987937273823885,0.13932634615029543,6624,6525,8,32768,0.6395591497421265,0.5047061985273055,13172,0.5040612363257089,0.5040612363257089,4901,2980,354,0.7461936662606578,0.9326355851569933,109.130859375,0.0,0.0,1638.4,1.3109095999971032
0.2,2,256,mlp,1,19443,0.5009930281108934,0.6697975054284704,0.202392578125,0.5035304836382962,1.0,0.13708887285167395,6632,6539,0,32768,0.6098164319992065,0.5009930281108934,13172,0.5036976119922837,0.5036976119922838,4902,2979,353,0.7463459196102314,0.932825880114177,109.09423828125,0.0,0.0,1638.4,1.2636857000179589
0.2,2,256,mlp,2,19443,0.4987913248187631,0.6695964034954791,0.202392578125,0.5034561336878086,0.9993968636911942,0.13376878738438444,6628,6537,4,32768,0.600365936756134,0.49879132481876315,13172,0.4988793707725944,0.49887937077259437,4900,2979,355,0.7461550175118015,0.9324452901998097,109.09423828125,0.0,0.0,1638.4,1.2792881000204943
0.2,2,256,mlp,3,19443,0.5021728762424714,0.6698989898989899,0.202392578125,0.5036452004860267,1.0,0.13697135502964458,6632,6536,0,32768,0.6596896052360535,0.5021728762424715,13172,0.5012248546341825,0.5012248546341824,4902,2978,353,0.746402740768938,0.932825880114177,109.0576171875,0.0,0.0,1638.4,1.2802869000006467
0.2,2,256,mlp,4,19443,0.5121871501539044,0.6698318096873579,0.202392578125,0.5036075036075036,0.9998492159227985,0.13267316075264873,6631,6536,1,32768,0.6405996084213257,0.5121871501539045,13172,0.5126597822883967,0.5126597822883967,4901,2978,354,0.7463072940459875,0.9326355851569933,109.0576171875,0.0,0.0,1638.4,1.3207632999983616
0.2,2,256,tcn,0,19111,1.0,1.0,0.202392578125,1.0,1.0,6.0269545257596725e-05,6632,0,0,32768,0.9156479239463806,1.0,13172,0.4126242622006199,0.5050964228374953,5255,0,0,1.0,1.0,0.0,0.0,0.0,1638.4,2.0956260000239126
0.2,2,256,tcn,1,19111,1.0,0.9999246022770112,0.202392578125,1.0,0.9998492159227985,1.2060156489167988e-06,6631,0,1,32768,0.9518915414810181,1.0,13172,0.41071504805829273,0.5053272137088112,5255,0,0,1.0,1.0,0.0,0.0,0.0,1638.4,2.1064746999763884
0.2,2,256,tcn,2,19111,0.9999999999999999,0.9999246022770112,0.202392578125,1.0,0.9998492159227985,2.04836225842781e-06,6631,0,1,32768,0.9319756031036377,1.0,13172,0.43171951377720197,0.5050735023235947,5254,0,1,0.9999048434675041,0.9998097050428164,0.0,0.0,0.0,1638.4,2.0607705999864265
0.2,2,256,tcn,3,19111,1.0,1.0,0.202392578125,1.0,1.0,2.1957096917940226e-05,6632,0,0,32768,0.855451226234436,0.9999999999999999,13172,0.4171100383527794,0.5073071544474714,5255,0,0,1.0,1.0,0.0,0.0,0.0,1638.4,2.2917561000213027
0.2,2,256,tcn,4,19111,1.0,0.9998491931835319,0.202392578125,1.0,0.9996984318455971,9.917409037382802e-06,6630,0,2,32768,0.9206935167312622,1.0,13172,0.41620409964838373,0.5067003339142183,5254,0,1,0.9999048434675041,0.9998097050428164,0.0,0.0,0.0,1638.4,2.1004246999509633
0.2,2,256,gru,0,19169,1.0,0.9997737727169896,0.202392578125,1.0,0.9995476477683957,0.00015091289649791871,6629,0,3,32768,0.9764858484268188,1.0,13172,0.4153388960476378,0.504184320796691,5254,0,1,0.9999048434675041,0.9998097050428164,0.0,0.0,0.0,1638.4,1.4755592999863438
0.2,2,256,gru,1,19169,1.0,0.9996983408748115,0.202392578125,1.0,0.9993968636911942,0.00934321465226374,6628,0,4,32768,0.8263173699378967,1.0,13172,0.40523999719596526,0.5047392971633566,5251,0,4,0.9996192651818009,0.9992388201712654,0.0,0.0,0.0,1638.4,1.6233857999905013
0.2,2,256,gru,2,19169,1.0,0.9998491931835319,0.202392578125,1.0,0.9996984318455971,0.00010901824666889845,6630,0,2,32768,0.9811795353889465,1.0,13172,0.4108804347009036,0.5001752618547255,5255,0,0,1.0,1.0,0.0,0.0,0.0,1638.4,1.477939400007017
0.2,2,256,gru,3,19169,1.0,0.9998491931835319,0.202392578125,1.0,0.9996984318455971,0.01576595114580904,6630,0,2,32768,0.742771565914154,1.0,13172,0.4346565559282899,0.5019239674619257,5253,0,2,0.9998096688237533,0.9996194100856327,0.0,0.0,0.0,1638.4,1.4965219000005163
0.2,2,256,gru,4,19169,1.0,0.9999246022770112,0.202392578125,1.0,0.9998492159227985,0.010028921313160799,6631,0,1,32768,0.8069508671760559,1.0,13172,0.4057884431553599,0.5043542193175147,5255,0,0,1.0,1.0,0.0,0.0,0.0,1638.4,1.5853023999952711
0.2,2,256,mamba,0,19449,0.9999999545420328,0.9999246022770112,0.202392578125,1.0,0.9998492159227985,6.264435526427306e-05,6631,0,1,32768,0.979584813117981,0.9999999545420328,13172,0.43985727914066025,0.5064126520194381,5255,0,0,1.0,1.0,0.0,0.0,0.0,1638.4,7.043664400000125
0.2,2,256,mamba,1,19449,1.0,0.9999246022770112,0.202392578125,1.0,0.9998492159227985,7.891406387289364e-05,6631,0,1,32768,0.9759198427200317,1.0,13172,0.4700685552463563,0.49671719505187645,5254,0,1,0.9999048434675041,0.9998097050428164,0.0,0.0,0.0,1638.4,6.755419599998277
0.2,2,256,mamba,2,19449,1.0,1.0,0.202392578125,1.0,1.0,2.8243273694668905e-05,6632,0,0,32768,0.8811277747154236,1.0,13172,0.4151526042768222,0.5049631867523283,5255,0,0,1.0,1.0,0.0,0.0,0.0,1638.4,7.1938785999664105
0.2,2,256,mamba,3,19449,1.0,0.9999246136449302,0.202392578125,0.9998492386552088,1.0,0.00013220828528148336,6632,1,0,32768,0.9066725373268127,1.0,13172,0.4282529779769626,0.5063345634633231,5255,1,0,0.9999048615735896,1.0,0.03662109375,0.0,0.0,1638.4,6.768233600014355
0.2,2,256,mamba,4,19449,1.0,0.9996228976544234,0.202392578125,1.0,0.9992460796139928,9.280867539281494e-05,6627,0,5,32768,0.9526929259300232,1.0,13172,0.43396710364029123,0.5009607831898084,5253,0,2,0.9998096688237533,0.9996194100856327,0.0,0.0,0.0,1638.4,6.858079899975564
0.2,64,64,mlp,0,19443,0.503344226556379,0.6686217008797654,0.202056884765625,0.5025461731397735,0.9986406887177164,0.1359902835791491,6612,6545,9,32768,0.599091112613678,0.503344226556379,13172,0.5026316786652039,0.5026316786652039,4980,2900,324,0.7554611650485437,0.9389140271493213,106.201171875,0.0,0.0,1638.4,1.2684091000119224
0.2,64,64,mlp,1,19443,0.5032068254366541,0.6687901309469639,0.202056884765625,0.5026599787201702,0.9989427578915572,0.13062698326792432,6614,6544,7,32768,0.5303049683570862,0.503206825436654,13172,0.5022190172785044,0.5022190172785044,4981,2898,323,0.7556701812940909,0.9391025641025641,106.1279296875,0.0,0.0,1638.4,1.2536003999994136
0.2,64,64,mlp,2,19443,0.5037160109591037,0.668856767411301,0.202056884765625,0.5026205848841625,0.9993958616523184,0.14131369841566305,6617,6548,4,32768,0.4762718081474304,0.5037160109591037,13172,0.5040426939286637,0.5040426939286637,4983,2896,321,0.7559736023666843,0.9394796380090498,106.0546875,0.0,0.0,1638.4,1.2421025999938138
0.2,64,64,mlp,3,19443,0.5002977011856206,0.6688898994492446,0.202056884765625,0.5025816249050873,0.9996979308261592,0.14745364059742944,6619,6551,2,32768,0.6216100454330444,0.5002977011856206,13172,0.5023070339838049,0.5023070339838049,4983,2896,321,0.7559736023666843,0.9394796380090498,106.0546875,0.0,0.0,1638.4,1.2593368000234477
0.2,64,64,mlp,4,19443,0.5130823547982364,0.6688232915487262,0.202056884765625,0.5026209830585733,0.999244827065398,0.13221654616269551,6616,6547,5,32768,0.5560504794120789,0.5130823547982364,13172,0.5101710776340027,0.5101710776340027,4982,2898,322,0.7557645631067961,0.9392911010558069,106.1279296875,0.0,0.0,1638.4,1.2598187000257894
0.2,64,64,tcn,0,19111,0.49713108110556165,0.6665313372240548,0.202056884765625,0.5019107306634056,0.9918441323062981,0.1324568218586486,6567,6517,54,32768,0.1275223195552826,0.4971824664361722,13172,0.5005874382566411,0.5006259894569559,4961,2904,343,0.7534360999316577,0.9353318250377074,106.34765625,0.0,0.0,1638.4,1.9814059999771416
0.2,64,64,tcn,1,19111,0.5037820732023719,0.6671398874410587,0.202056884765625,0.5021370783086552,0.993656547349343,0.1352734139760151,6579,6523,42,32768,0.10508598387241364,0.5038151606862085,13172,0.5064274865834977,0.506461926823527,4964,2902,340,0.7538344722854974,0.9358974358974359,106.2744140625,0.0,0.0,1638.4,1.9911242999951355
0.2,64,64,tcn,2,19111,0.4989416865585528,0.6557495236623925,0.202056884765625,0.4974996093139553,0.9616372149222172,0.161877863354276,6367,6431,254,32768,0.0019906500820070505,0.5000704941433446,13172,0.5053703758772262,0.5063026332036464,4853,2944,451,0.7408594763758491,0.9149698340874811,107.8125,0.0,0.0,1638.4,1.9841040999745019
0.2,64,64,tcn,3,19111,0.4966878701109207,0.6551442846946058,0.202056884765625,0.49449703686600477,0.9703972209636007,0.1623810448560049,6425,6568,196,32768,0.007886091247200966,0.49759587412967177,13172,0.49809865690355987,0.49908559520520707,4880,2970,424,0.7419796259692869,0.9200603318250377,108.7646484375,0.0,0.0,1638.4,1.9620025000185706
0.2,64,64,tcn,4,19111,0.5038712068369167,0.6665990053790724,0.202056884765625,0.5019487963316774,0.9919951668932185,0.1409279430916281,6568,6517,53,32768,0.16041673719882965,0.5039014992893959,13172,0.5061953690363077,0.5062322953604107,4958,2896,346,0.7536099711202311,0.9347662141779789,106.0546875,0.0,0.0,1638.4,1.995881799957715
0.2,64,64,gru,0,19169,0.5025246664037184,0.6687556858384717,0.202056884765625,0.5025446259020129,0.999244827065398,0.133657582157725,6616,6549,5,32768,0.615345299243927,0.5025246664037184,13172,0.5023361706738052,0.5023361706738052,4985,2898,319,0.756047622658679,0.9398567119155354,106.1279296875,0.0,0.0,1638.4,1.7039075000211596
0.2,64,64,gru,1,19169,0.5002659065191726,0.668621997471555,0.202056884765625,0.5025847650904668,0.9984896541307959,0.126233451716789,6611,6543,10,32768,0.5525832772254944,0.5002659065191726,13172,0.5004413535571406,0.5004413535571406,4981,2900,323,0.7555555555555555,0.9391025641025641,106.201171875,0.0,0.0,1638.4,1.494698399968911
0.2,64,64,gru,2,19169,0.5014070807446686,0.6688239457983618,0.202056884765625,0.5026981834764764,0.9989427578915572,0.13583703152640184,6614,6543,7,32768,0.6656496524810791,0.5014070807446686,13172,0.5041432207627636,0.5041432207627637,4978,2894,326,0.7556162720097146,0.9385369532428356,105.9814453125,0.0,0.0,1638.4,1.403353200003039
0.2,64,64,gru,3,19169,0.5046733384969614,0.6671408973121284,0.202056884765625,0.5026799387442573,0.9915420631324573,0.1408465954275054,6565,6495,56,32768,0.6202871203422546,0.5046733384969614,13172,0.5082880697056544,0.5082880697056544,4969,2931,335,0.7526507119054832,0.9368401206636501,107.33642578125,0.0,0.0,1638.4,1.3980635000043549
0.2,64,64,gru,4,19169,0.5053196766057844,0.6686217008797654,0.202056884765625,0.5025461731397735,0.9986406887177164,0.1333371465591729,6612,6545,9,32768,0.6324730515480042,0.5053196766057844,13172,0.5064311516119586,0.5064311516119586,4983,2897,321,0.7559162621359223,0.9394796380090498,106.09130859375,0.0,0.0,1638.4,1.3965889000101015
0.2,64,64,mamba,0,19449,0.5008105002818325,0.6682874943017778,0.202056884765625,0.5027434842249657,0.9963751699139103,0.13264465551817647,6597,6525,24,32768,0.3190245032310486,0.5008105233381417,13172,0.4993000303853743,0.49930005919963555,4971,2898,333,0.7547255750398543,0.9372171945701357,106.1279296875,0.0,0.0,1638.4,6.189484599977732
0.2,64,64,mamba,1,19449,0.49264222079109976,0.6677114402709671,0.202056884765625,0.501823708206687,0.9974324120223531,0.1312516602064514,6604,6556,17,32768,0.12307978421449661,0.4926487715005302,13172,0.4970336468219513,0.49704095008552446,4974,2912,330,0.75420773313116,0.9377828054298643,106.640625,0.0,0.0,1638.4,6.556835099996533
0.2,64,64,mamba,2,19449,0.49792008273523813,0.6541060823264386,0.202056884765625,0.494771899930292,0.9648089412475457,0.17243733647778728,6388,6523,233,32768,0.006631515454500914,0.4999011392868761,13172,0.5016878371120844,0.5036983285051551,4875,3023,429,0.7385244659900015,0.9191176470588235,110.70556640624999,0.0,0.0,1638.4,6.122638300003018
0.2,64,64,mamba,3,19449,0.508833844838738,0.6617414785754318,0.202056884765625,0.49930801168691374,0.9808186074611086,0.1511425723825756,6494,6512,127,32768,0.026605935767292976,0.5092347074970878,13172,0.5027460586376356,0.5031928489235222,4907,2890,397,0.7491031218990917,0.9251508295625943,105.8349609375,0.0,0.0,1638.4,6.439306400017813
0.2,64,64,mamba,4,19449,0.5062844677980924,0.6601705237515225,0.202056884765625,0.497133684934648,0.9823289533303127,0.14660909774916037,6504,6579,117,32768,0.023701241239905357,0.5066965885494124,13172,0.5055508108014171,0.5059226616480818,4911,2937,393,0.7468065693430657,0.9259049773755657,107.55615234375,0.0,0.0,1638.4,6.032047799963038
0.2,64,256,mlp,0,19443,0.5069264996192129,0.6690582053354891,0.202056884765625,0.502695315465796,1.0,0.14050127157845183,6621,6550,0,32768,0.6241040825843811,0.506926499619213,13172,0.5066528844485066,0.5066528844485066,4985,2895,319,0.7562196601941747,0.9398567119155354,106.01806640625,0.0,0.0,1638.4,1.2224150000256486
0.2,64,256,mlp,1,19443,0.5118951864679537,0.6685876048933374,0.202056884765625,0.5024694172175367,0.9987917233046367,0.14088287790732434,6613,6548,8,32768,0.6708921790122986,0.5118951864679537,13172,0.508183003178414,0.508183003178414,4982,2900,322,0.755649931745791,0.9392911010558069,106.201171875,0.0,0.0,1638.4,1.2150181999895722
0.2,64,256,mlp,2,19443,0.5069279577287518,0.6685205784204672,0.202056884765625,0.5024701679714221,0.9984896541307959,0.1367234188642162,6611,6546,10,32768,0.654127299785614,0.5069279577287518,13172,0.5062145448479336,0.5062145448479336,4981,2898,323,0.7556701812940909,0.9391025641025641,106.1279296875,0.0,0.0,1638.4,1.2182128999847919
0.2,64,256,mlp,3,19443,0.5087134860159563,0.6680838141512299,0.202056884765625,0.5023978077186573,0.9968282736746715,0.14449252013135727,6600,6537,21,32768,0.6697144508361816,0.5087134860159563,13172,0.5082531306832956,0.5082531306832956,4973,2904,331,0.754570973370761,0.9375942684766214,106.34765625,0.0,0.0,1638.4,1.3443930000066757
0.2,64,256,mlp,4,19443,0.5086356921068582,0.668118511015447,0.202056884765625,0.5025906735751295,0.9962241353269898,0.13662136897900617,6596,6528,25,32768,0.6943371295928955,0.5086356921068582,13172,0.5081930699490701,0.5081930699490701,4975,2901,329,0.7549317147192717,0.9379713423831071,106.23779296875,0.0,0.0,1638.4,1.3765930000226945
0.2,64,256,tcn,0,19111,0.5012331318728441,0.66848760748609,0.202056884765625,0.5025477222602479,0.9980365503700347,0.13574773571432758,6608,6541,13,32768,0.11103558540344238,0.5012348127307955,13172,0.5001500808499085,0.5001516755815701,4978,2897,326,0.7554442673950983,0.9385369532428356,106.09130859375,0.0,0.0,1638.4,2.239140200021211
0.2,64,256,tcn,1,19111,0.5101858478586248,0.6668353661622551,0.202056884765625,0.5014461866341909,0.9950158586316267,0.13265348892623294,6588,6550,33,32768,0.06433568149805069,0.5102170343299488,13172,0.5074181076888026,0.50743608815228,4960,2889,344,0.7542005626092907,0.9351432880844646,105.79833984375,0.0,0.0,1638.4,2.0231162999989465
0.2,64,256,tcn,2,19111,0.5032629359863051,0.6685211410074854,0.202056884765625,0.502547334803437,0.9981875849569551,0.1345663464509586,6609,6542,12,32768,0.4218291640281677,0.5032629359863051,13172,0.5085808976130626,0.5085808976130626,4974,2895,330,0.7551810521521294,0.9377828054298643,106.01806640625,0.0,0.0,1638.4,2.226275800028816
0.2,64,256,tcn,3,19111,0.49906832215976216,0.668823618623932,0.202056884765625,0.5026595744680851,0.9990937924784775,0.13904992759785365,6615,6545,6,32768,0.4654567241668701,0.4990683221597621,13172,0.5038274512739855,0.5038274512739855,4983,2895,321,0.7560309512972235,0.9394796380090498,106.01806640625,0.0,0.0,1638.4,2.0848148000077344
0.2,64,256,tcn,4,19111,0.5058572919501503,0.6687894869850897,0.202056884765625,0.5025828015800669,0.999244827065398,0.13114245426968935,6616,6548,5,32768,0.1492687314748764,0.5058575455962596,13172,0.5007180117526085,0.5007183064611549,4982,2897,322,0.7558218918303876,0.9392911010558069,106.09130859375,0.0,0.0,1638.4,2.029775900009554
0.2,64,256,gru,0,19169,0.5089958836764279,0.6689571544058205,0.202056884765625,0.5026193910864779,0.9998489654130795,0.13412613372362647,6620,6551,1,32768,0.6085341572761536,0.5089958836764279,13172,0.5074348003615647,0.5074348003615647,4985,2896,319,0.7561623056503602,0.9398567119155354,106.0546875,0.0,0.0,1638.4,1.641708200040739
0.2,64,256,gru,1,19169,0.5055394736738505,0.6688898994492446,0.202056884765625,0.5025816249050873,0.9996979308261592,0.13291339270508662,6619,6551,2,32768,0.5330451130867004,0.5055394736738505,13172,0.502495606635457,0.502495606635457,4985,2897,319,0.7561049598058547,0.9398567119155354,106.09130859375,0.0,0.0,1638.4,1.4501633000327274
0.2,64,256,gru,2,19169,0.5007224056972963,0.6691596341401789,0.202056884765625,0.5028098420413123,1.0,0.1388023859845991,6621,6547,0,32768,0.6666839718818665,0.5007224056972963,13172,0.5013340974133949,0.5013340974133949,4985,2893,319,0.7563343953876498,0.9398567119155354,105.94482421875,0.0,0.0,1638.4,1.7309236000292003
0.2,64,256,gru,3,19169,0.50434449352334,0.6688564353934003,0.202056884765625,0.5025820170109356,0.9995468962392388,0.14937003515506078,6618,6550,3,32768,0.611434817314148,0.50434449352334,13172,0.5012315360800812,0.5012315360800813,4983,2899,321,0.7558016077658122,0.9394796380090498,106.16455078125,0.0,0.0,1638.4,1.4912030000123195
0.2,64,256,gru,4,19169,0.4916968617350189,0.6690244025665639,0.202056884765625,0.5026571515335561,1.0,0.1411549228007508,6621,6551,0,32768,0.7138758301734924,0.4916968617350189,13172,0.49680586516243225,0.4968058651624322,4985,2896,319,0.7561623056503602,0.9398567119155354,106.0546875,0.0,0.0,1638.4,1.509177699976135
0.2,64,256,mamba,0,19449,0.5054354695056479,0.6689927184466019,0.202056884765625,0.5028506271379704,0.9990937924784775,0.13169593772384608,6615,6540,6,32768,0.09928247332572937,0.5054360225423731,13172,0.4990748249455302,0.4990753095624198,4980,2897,324,0.7556331082618921,0.9389140271493213,106.09130859375,0.0,0.0,1638.4,6.379192200023681
0.2,64,256,mamba,1,19449,0.49946417317162883,0.6689909554848164,0.202056884765625,0.5026575550493546,0.9998489654130795,0.13420004254490578,6620,6550,1,32768,0.5041464567184448,0.49946417317162883,13172,0.49825612699947697,0.49825612699947697,4985,2895,319,0.7562196601941747,0.9398567119155354,106.01806640625,0.0,0.0,1638.4,6.551799100008793
0.2,64,256,mamba,2,19449,0.5092188739205111,0.6689236988377969,0.202056884765625,0.5026197888981699,0.9996979308261592,0.1345918356253411,6619,6550,2,32768,0.5958903431892395,0.509218873920511,13172,0.5072196929166759,0.5072196929166759,4984,2896,320,0.7560679611650486,0.9396681749622926,106.0546875,0.0,0.0,1638.4,6.403060299984645
0.2,64,256,mamba,3,19449,0.5050219846352013,0.6680827390886562,0.202056884765625,0.5022049878345499,0.9975834466092736,0.13853289553727308,6605,6547,16,32768,0.6879467368125916,0.5050219846352013,13172,0.5033315115614014,0.5033315115614014,4975,2901,329,0.7549317147192717,0.9379713423831071,106.23779296875,0.0,0.0,1638.4,6.330180599994492
0.2,64,256,mamba,4,19449,0.4976061360487434,0.6677123918433436,0.202056884765625,0.5020544818140313,0.9965262045008307,0.1409897605597329,6598,6544,23,32768,0.12108606100082397,0.49763576469371024,13172,0.4973220968653661,0.4973556474722143,4974,2905,330,0.7546082075400137,0.9377828054298643,106.38427734375,0.0,0.0,1638.4,6.3825820999918506
