rate,lag,n_train,model,seeds,parameters,ap_mean,ap_seed_sd,query_ap_mean,query_ap_seed_sd,f1_mean,f1_seed_sd,precision_mean,precision_seed_sd,recall_mean,recall_seed_sd,cue_shuffled_ap_mean,cue_shuffled_ap_seed_sd,cue_shuffled_query_ap_mean,cue_shuffled_query_ap_seed_sd,cue_shuffle_ap_drop_mean,cue_shuffle_ap_drop_seed_sd,cue_shuffle_query_ap_drop_mean,cue_shuffle_query_ap_drop_seed_sd,seconds_mean,seconds_seed_sd
0.01,2,4096,gru,5,19169,0.573047681370979,0.23297048941820458,0.5761000996859488,0.230817757590541,0.6517154440574486,0.16517511295180748,0.5610591310365466,0.2379834036482333,0.8229299363057325,0.10450519389550923,0.44976484333418665,0.037759034113802006,0.4590758884870142,0.024902411294589054,0.12328283803679244,0.26259624169979934,0.11702421119893466,0.24864310153477326,1.646111140004359,0.043100145963503464
0.01,2,4096,mamba,5,19449,0.8160879689742317,0.23601143861053858,0.840954483129319,0.24287162857304387,0.7986317185230227,0.15519573985280338,0.8125721026154578,0.2251278024037083,0.8063694267515924,0.09539266554288571,0.3173390766059488,0.05648029667057933,0.4423156738548782,0.016815157560517678,0.49874889236828307,0.29011071850924136,0.39863880927444073,0.22628984965760204,8.2542685200111,0.08781655947423615
0.01,2,16384,gru,5,19169,0.5951172280713528,0.2156229197821828,0.5951172280713528,0.2156229197821828,0.6331120012889053,0.13769464508417847,0.5693650421330799,0.21740668779469643,0.7605095541401274,0.14605305261535212,0.447751076873085,0.018588959942226875,0.447884663879606,0.01866235656015942,0.14736615119826788,0.20887826128752168,0.14723256419174674,0.20859200515750198,1.540447900001891,0.015492573488191306
0.01,2,16384,mamba,5,19449,0.9142972839393375,0.1456170280043711,0.9146136146200201,0.14572440712503615,0.8671052250272627,0.12478097767754892,0.8961547397529058,0.16401511456697848,0.8484076433121019,0.10575933969429524,0.3903777506024254,0.09224067030876373,0.45643568331978174,0.013323462454922944,0.523919533336912,0.21237250288093093,0.45817793130023843,0.1541440978651746,8.011279300018213,0.11918476650811213
0.01,64,4096,gru,5,19169,0.4566731830192167,0.02842129901982844,0.46567323196899435,0.014717159367869706,0.5646718348935693,0.054757038991556185,0.44686583232770805,0.018028185917364842,0.7872611464968152,0.18164595607151338,0.4566731830192167,0.028421299019828438,0.46567323196899435,0.014717159367869706,-2.2204460492503132e-17,6.329245045284193e-17,-1.1102230246251566e-17,7.237768612447681e-17,1.3090093399980105,0.04246821743454884
0.01,64,4096,mamba,5,19449,0.41463703943348423,0.03727930353965578,0.4481006968036598,0.012553868729510979,0.5303234806423687,0.08153431684929946,0.4321926545685352,0.05433021465660774,0.6917197452229299,0.14430652866022403,0.4145107695300765,0.03717251654094717,0.4479799891503326,0.012543779243006361,0.00012626990340773857,0.0001803868102120105,0.00012070765332716782,0.00018466113851420745,7.948728920007125,0.022767008919169312
0.01,64,16384,gru,5,19169,0.4455984561546419,0.02563830538968371,0.4505769422046467,0.01652912486467182,0.5516665061209503,0.03944488282488807,0.44613594024349174,0.019364034414474537,0.7337579617834395,0.1352209947928054,0.44559532082345,0.02563520941829411,0.4505738068734548,0.016525503032087305,3.1353311918724812e-06,1.287482313877461e-05,3.1353311918946858e-06,1.2874823138774695e-05,1.3048008000012488,0.042476688744322345
0.01,64,16384,mamba,5,19449,0.46271742890305195,0.019425433649170754,0.46837759486167707,0.018680400027376535,0.5689434319341935,0.053618303911462974,0.4562175900290025,0.008065726456293524,0.778343949044586,0.17791121294530896,0.46268121720867156,0.01953490619465744,0.46834187764691054,0.018773018801826254,3.6211694380439144e-05,0.00020442982909111068,3.571721476642864e-05,0.00020496480318240554,8.00275245999219,0.061293052706468336
0.2,2,4096,gru,5,19169,1.0,0.0,1.0,0.0,0.9993576062152112,0.0006791931052399752,1.0,0.0,0.9987167736021998,0.001356085610826261,0.4129190658274199,0.012742716837845863,0.500724705013208,0.0029505072368511917,0.5870809341725801,0.012742716837845863,0.4992752949867921,0.002950507236851179,1.3498688200023026,0.010975782262187409
0.2,2,4096,mamba,5,19449,0.9999992023804927,1.681124737951155e-06,0.9999992580408239,1.6590711542356747e-06,0.9991431408321251,0.0009349933793212465,0.999877825290165,0.0002731909563225188,0.9984112435074856,0.0019491766462250708,0.4433563231541074,0.035791529103243666,0.5020754434407961,0.003397764625156673,0.5566428792263853,0.03579067526105475,0.4979238146000278,0.0033962583199349983,7.97955240001902,0.04672256735733672
0.2,2,16384,gru,5,19169,1.0,0.0,1.0,0.0,0.9990808338703013,0.0014746897544602223,1.0,0.0,0.9981668194317141,0.00293849435711449,0.409240325367882,0.017492410590111897,0.5001369996057262,0.003722124601045033,0.5907596746321179,0.017492410590111862,0.4998630003942738,0.0037221246010450504,1.392401800013613,0.0711934468058061
0.2,2,16384,mamba,5,19449,0.9999998134508079,2.718651589679585e-07,0.9999998694030575,2.432361445046134e-07,0.9994802670636925,0.0004133746057228249,0.999816719271222,0.0002732013928182672,0.9991445157347998,0.0009267186610512153,0.44109005192742234,0.025336028809200824,0.5011401124037509,0.0030784686224096655,0.5589097615233857,0.025335948621704067,0.4988597569993066,0.0030782435186753367,7.9873129399959,0.058883644213971215
0.2,64,4096,gru,5,19169,0.4992726366616961,0.004953685811647608,0.499272636661696,0.0049536858116475905,0.6626624567139837,0.001539436542040919,0.4974562267891692,0.00026712796601311805,0.9921784295753131,0.006055356745169573,0.49926873360898716,0.004955672163395627,0.49926873360898705,0.004955672163395596,3.903052708920107e-06,5.45791708900942e-06,3.903052708953414e-06,5.457917088922954e-06,1.3248686399892904,0.04705647826670983
0.2,64,4096,mamba,5,19449,0.4998537850642689,0.0050556481769848316,0.5004601653561316,0.0044832744331263505,0.6606502722545072,0.004900889026053515,0.4968296776116151,0.0014338673047043257,0.9857622975863123,0.016718667084651716,0.49944865458238424,0.004849097117486513,0.5000550102419615,0.00427994459092342,0.0004051304818847079,0.00038909351479651344,0.00040515511416995277,0.0003890797439975473,7.976152839988936,0.013664220396839798
0.2,64,16384,gru,5,19169,0.4944518145765081,0.007844198674145594,0.4944518145765081,0.007844198674145599,0.6617978285676048,0.0023751210905474276,0.4974774684560986,0.0003032506605612023,0.9882676443629699,0.010317240561140377,0.4944519264092877,0.007844172720210395,0.4944519264092877,0.007844172720210344,-1.1183277951465342e-07,1.7862073067021516e-07,-1.1183277952575565e-07,1.7862073069803664e-07,1.2944776999996974,0.030032090319793314
0.2,64,16384,mamba,5,19449,0.4974179566417627,0.003092478238039423,0.4974179566417627,0.003092478238039446,0.6625561264897329,0.0027220051328020706,0.4973198085199352,0.00031757838513280683,0.992300641613199,0.011754771589293115,0.496867533951901,0.003234611684497115,0.496867533951901,0.003234611684497057,0.0005504226898616959,0.0003605718620090173,0.0005504226898617182,0.00036057186200899263,7.965373240003828,0.010149696585474943
