rate,lag,n_train,metric,gru_minus_mamba,lower,upper,undefined_draws,confidence,confirmatory
0.01,2,4096,ap,-0.24304028760325277,-0.4116982407166327,-0.06008526056550285,0,0.95,False
0.01,2,4096,query_ap,-0.2648543834433701,-0.44331487894103744,-0.06716840135223513,0,0.95,False
0.01,2,16384,ap,-0.31918005586798454,-0.5182168328312693,-0.09812203737879223,0,0.95,False
0.01,2,16384,query_ap,-0.3194963865486673,-0.5182794892226722,-0.09852531682863118,0,0.95,False
0.01,64,4096,ap,0.04203614358573252,-0.014667824945588279,0.10406137300476709,0,0.95,False
0.01,64,4096,query_ap,0.017572535165334545,-0.022892657583547082,0.05871226277851754,0,0.95,False
0.01,64,16384,ap,-0.017118972748410167,-0.07766972725122578,0.040032163629006356,0,0.95,False
0.01,64,16384,query_ap,-0.017800652657030347,-0.07551642748330789,0.036456520645168945,0,0.95,False
0.2,2,4096,ap,7.976195073311487e-07,0.0,3.7377027384571926e-06,0,0.95,False
0.2,2,4096,query_ap,7.419591760760014e-07,0.0,3.6472014599092656e-06,0,0.95,False
0.2,2,16384,ap,1.8654919204941222e-07,0.0,8.145666630993142e-07,0,0.95,False
0.2,2,16384,query_ap,1.3059694254913267e-07,0.0,6.854505727632577e-07,0,0.95,False
0.2,64,4096,ap,-0.0005811484025728287,-0.009585673247292278,0.008765205330345733,0,0.95,False
0.2,64,4096,query_ap,-0.001187528694435469,-0.010505525319115642,0.008232439025085999,0,0.95,False
0.2,64,16384,ap,-0.0029661420652545177,-0.01381339947892124,0.006978800543122921,0,0.95,False
0.2,64,16384,query_ap,-0.002966142065254529,-0.013813399478921271,0.00697880054312292,0,0.95,False
