rate,lag,n_train,model,seed,parameters,ap,f1,prevalence,precision,recall,brier,tp,fp,fn,n,threshold,query_ap,query_n,cue_shuffled_ap,cue_shuffled_query_ap,cue_shuffle_ap_drop,cue_shuffle_query_ap_drop,seconds,steps,batch
0.01,2,4096,gru,0,19169,0.4633209550762654,0.5862884160756501,0.00958251953125,0.46616541353383456,0.7898089171974523,0.009889895334158957,124,142,33,16384,0.8983034491539001,0.4633209550762655,345,0.45620986763180493,0.45620986763180493,0.00711108744446054,0.007111087444460484,1.6702310999971814,400,32
0.01,2,4096,gru,1,19169,0.48952979093852156,0.5811138014527845,0.00958251953125,0.46875,0.7643312101910829,0.010269428937700675,120,136,37,16384,0.9402172565460205,0.4895297909385216,345,0.4775597220983814,0.4775597220983813,0.01197006884014018,0.011970068840140236,1.6185225999797694,400,32
0.01,2,4096,gru,2,19169,0.4905882902354929,0.6097560975609756,0.00958251953125,0.44776119402985076,0.9554140127388535,0.011122210632941183,150,185,7,16384,0.9299840927124023,0.49058829023549283,345,0.48885456049859355,0.48885456049859355,0.0017337297368992255,0.0017337297368992255,1.6811305999872275,400,32
0.01,2,4096,gru,3,19169,0.987738900471679,0.9435215946843853,0.00958251953125,0.9861111111111112,0.9044585987261147,0.0007908068584576613,142,2,15,16384,0.6475934386253357,0.9877969153585096,345,0.3947661518008519,0.4260465171421516,0.5929727486708272,0.5617503982163579,1.6770449000177905,400,32
0.01,2,4096,gru,4,19169,0.43406047013293636,0.5378973105134475,0.00958251953125,0.4365079365079365,0.7006369426751592,0.01652266627063997,110,142,47,16384,0.5190553665161133,0.44926454682095474,345,0.4314339146413013,0.4467087750641392,0.002626555491635041,0.0025557717568154836,1.583626500039827,400,32
0.01,2,4096,mamba,0,19449,0.9448139157400606,0.9423076923076923,0.00958251953125,0.9483870967741935,0.9363057324840764,0.00155531146123657,147,8,10,16384,0.9992438554763794,0.9484135566582894,345,0.27154273566129855,0.44546330633203346,0.6732711800787616,0.5029502503262558,8.189766200026497,400,32
0.01,2,4096,mamba,1,19449,0.9307105848721964,0.8188405797101449,0.00958251953125,0.9495798319327731,0.7197452229299363,0.0026082646082913404,113,6,44,16384,0.9986991882324219,0.9796040259622772,345,0.28191069708093064,0.45193794030396695,0.6487998877912659,0.5276660856583103,8.152289299992844,400,32
0.01,2,4096,mamba,2,19449,0.7919568961153575,0.7375,0.00958251953125,0.7239263803680982,0.7515923566878981,0.00401913809057548,118,45,39,16384,0.16241823136806488,0.8637963848824832,345,0.31453547792349235,0.4443530231954561,0.47742141819186523,0.419443361687027,8.284943600010592,400,32
0.01,2,4096,mamba,3,19449,0.9967260333380482,0.9292929292929293,0.00958251953125,0.9857142857142858,0.8789808917197452,0.0003992946904836786,138,2,19,16384,0.9991088509559631,0.9967260333380482,345,0.3051804507959831,0.4562980778748953,0.691545582542065,0.5404279554631529,8.377507199998945,400,32
0.01,2,4096,mamba,4,19449,0.4162324148054968,0.5652173913043478,0.00958251953125,0.45525291828793774,0.7452229299363057,0.011357326620756322,117,140,40,16384,0.9911559820175171,0.4162324148054968,345,0.4135260215680392,0.4135260215680392,0.0027063932374575272,0.0027063932374575272,8.266836300026625,400,32
0.01,2,16384,gru,0,19169,0.9611334947696444,0.856140350877193,0.00958251953125,0.953125,0.7770700636942676,0.0043997448171074535,122,6,35,16384,0.9779712557792664,0.9611334947696444,345,0.45567068903337893,0.45633862406598436,0.5054628057362656,0.5047948707036599,1.5380727999727242,400,32
0.01,2,16384,gru,1,19169,0.4439275654435434,0.5260545905707196,0.00958251953125,0.43089430894308944,0.6751592356687898,0.011322719713701582,106,140,51,16384,0.9928030371665955,0.44392756544354345,345,0.4402223628251646,0.4402223628251646,0.003705202618378811,0.003705202618378811,1.5571733000106178,400,32
0.01,2,16384,gru,2,19169,0.476798042844925,0.6118143459915611,0.00958251953125,0.45741324921135645,0.9235668789808917,0.011255378904910325,145,172,12,16384,0.9874728918075562,0.476798042844925,345,0.4187243319916676,0.4187243319916676,0.058073710853257354,0.05807371085325741,1.5186467000166886,400,32
0.01,2,16384,gru,3,19169,0.619287554817204,0.655421686746988,0.00958251953125,0.5271317829457365,0.8662420382165605,0.01074371916873569,136,122,21,16384,0.9797191619873047,0.6192875548172039,345,0.46433153826270834,0.4643315382627083,0.15495601655449565,0.1549560165544956,1.5534375000279397,400,32
0.01,2,16384,gru,4,19169,0.47443948248144774,0.5161290322580645,0.00958251953125,0.4782608695652174,0.5605095541401274,0.01128946434788421,88,96,69,16384,0.9923081398010254,0.4744394824814477,345,0.45980646225250565,0.45980646225250565,0.014633020228942029,0.014633020228942029,1.5349091999814846,400,32
0.01,2,16384,mamba,0,19449,0.9840587953401441,0.9511400651465798,0.00958251953125,0.9733333333333334,0.9299363057324841,0.002637289751396628,146,4,11,16384,0.9990143775939941,0.9847247751941884,345,0.3280690135198497,0.4507004394638152,0.6559897818202944,0.5340243357303732,8.213307500001974,400,32
0.01,2,16384,mamba,1,19449,0.998356155172755,0.977491961414791,0.00958251953125,0.987012987012987,0.9681528662420382,0.0005513464360337372,152,2,5,16384,0.9934078454971313,0.9983561551727549,345,0.42957937967952264,0.43605736391207006,0.5687767754932324,0.5622987912606849,8.01580200000899,400,32
0.01,2,16384,mamba,2,19449,0.9990575915310141,0.9246575342465754,0.00958251953125,1.0,0.8598726114649682,0.0005350995226713811,135,0,22,16384,0.9924105405807495,0.9990575915310141,345,0.2604070902487475,0.4605137996542237,0.7386505012822666,0.5385437918767905,7.910743200045545,400,32
0.01,2,16384,mamba,3,19449,0.6585517622005573,0.6779661016949152,0.00958251953125,0.6091370558375635,0.7643312101910829,0.010345825775563824,120,77,37,16384,0.9929613471031189,0.6585517622005573,345,0.468566553148992,0.468566553148992,0.18998520905156546,0.18998520905156546,7.969610100029968,400,32
0.01,2,16384,mamba,4,19449,0.9314621154522167,0.8042704626334519,0.00958251953125,0.9112903225806451,0.7197452229299363,0.011155274002587133,113,11,44,16384,0.9921954870223999,0.9323777890015856,345,0.4652667164150152,0.46634026041980775,0.4661953990372015,0.4660375285817779,7.9469337000045925,400,32
0.01,64,4096,gru,0,19169,0.4594085570604334,0.6141414141414141,0.00958251953125,0.44970414201183434,0.9681528662420382,0.010669635270459665,152,186,5,16384,0.5981099605560303,0.45940855706043326,345,0.4594085570604333,0.45940855706043326,-5.551115123125783e-17,0.0,1.3811667999834754,400,32
0.01,64,4096,gru,1,19169,0.47211739452141416,0.4915254237288136,0.00958251953125,0.4416243654822335,0.554140127388535,0.01010791708970208,87,110,70,16384,0.9676341414451599,0.4721173945214141,345,0.47211739452141416,0.4721173945214141,5.551115123125783e-17,1.1102230246251565e-16,1.3138431999832392,400,32
0.01,64,4096,gru,2,19169,0.48720270531858867,0.6156941649899397,0.00958251953125,0.45,0.9745222929936306,0.011133068967076738,153,187,4,16384,0.9191681742668152,0.4872027053185886,345,0.48720270531858867,0.4872027053185886,-1.1102230246251565e-16,-5.551115123125783e-17,1.282143399992492,400,32
0.01,64,4096,gru,3,19169,0.4531361059691947,0.575682382133995,0.00958251953125,0.4715447154471545,0.7388535031847133,0.009256741254847906,116,130,41,16384,0.3219696283340454,0.4613932484228571,345,0.45313610596919474,0.4613932484228571,0.0,-5.551115123125783e-17,1.2856897999881767,400,32
0.01,64,4096,gru,4,19169,0.411501152226453,0.5263157894736842,0.00958251953125,0.421455938697318,0.7006369426751592,0.01668661547006134,110,151,47,16384,0.460631400346756,0.4482442545216786,345,0.411501152226453,0.4482442545216786,0.0,-5.551115123125783e-17,1.2822035000426695,400,32
0.01,64,4096,mamba,0,19449,0.3852632901876152,0.4563380281690141,0.00958251953125,0.4090909090909091,0.5159235668789809,0.008930912936420466,81,117,76,16384,0.16165772080421448,0.4456224068868165,345,0.38515325257849437,0.44552140541491575,0.00011003760912081662,0.00010100147190073017,7.985173000022769,400,32
0.01,64,4096,mamba,1,19449,0.3654696136277039,0.4275184275184275,0.00958251953125,0.348,0.554140127388535,0.010925685462267465,87,163,70,16384,0.014825364574790001,0.4668692973019977,345,0.36548150788026285,0.4669015172782328,-1.1894252558986018e-05,-3.221997623503725e-05,7.936749999993481,400,32
0.01,64,4096,mamba,2,19449,0.4355705341063319,0.5951219512195122,0.00958251953125,0.48221343873517786,0.7770700636942676,0.010051403101532673,122,131,35,16384,0.9812232255935669,0.4410442772885322,345,0.4354478390386686,0.4409200316103755,0.00012269506766326987,0.00012424567815666476,7.93807440000819,400,32
0.01,64,4096,mamba,3,19449,0.45295926619703286,0.5925925925925926,0.00958251953125,0.46545454545454545,0.8152866242038217,0.011127335255557456,128,147,29,16384,0.9870954751968384,0.4529592661970329,345,0.45253229626140945,0.45253229626140945,0.00042696993562352237,0.00042696993562341135,7.927809400018305,400,32
0.01,64,4096,mamba,4,19449,0.4339224930487373,0.580046403712297,0.00958251953125,0.4562043795620438,0.7961783439490446,0.010621890902019721,125,149,32,16384,0.9672117233276367,0.4340082363439196,345,0.4339389518915472,0.43402469518672954,-1.645884280992993e-05,-1.645884280992993e-05,7.955837799992878,400,32
0.01,64,16384,gru,0,19169,0.44909480982871525,0.6166328600405679,0.00958251953125,0.4523809523809524,0.9681528662420382,0.010840899102903916,152,184,5,16384,0.7781540751457214,0.4490948098287152,345,0.4490948098287152,0.4490948098287152,0.0,0.0,1.3703151000081562,400,32
0.01,64,16384,gru,1,19169,0.44283563984263075,0.5288461538461539,0.00958251953125,0.4247104247104247,0.7006369426751592,0.01132803544325897,110,149,47,16384,0.9922911524772644,0.4428356398426307,345,0.4428449671346631,0.44284496713466304,-9.32729203240168e-06,-9.327292032290657e-06,1.2534316999954171,400,32
0.01,64,16384,gru,2,19169,0.4047798340988269,0.5317073170731708,0.00958251953125,0.4308300395256917,0.6942675159235668,0.009063676123964467,109,144,48,16384,0.03771749138832092,0.4296722643488511,345,0.40477983409882695,0.4296722643488511,0.0,0.0,1.28837670001667,400,32
0.01,64,16384,gru,3,19169,0.45727839555618804,0.561038961038961,0.00958251953125,0.47368421052631576,0.6878980891719745,0.011422344339504373,108,120,49,16384,0.9972770810127258,0.45727839555618804,345,0.4572533916081963,0.4572533916081962,2.5003947991764086e-05,2.5003947991819597e-05,1.303311499999836,400,32
0.01,64,16384,gru,4,19169,0.4740036014468484,0.5201072386058981,0.00958251953125,0.44907407407407407,0.6178343949044586,0.011325780750785223,97,119,60,16384,0.9929250478744507,0.4740036014468484,345,0.47400360144684833,0.4740036014468484,0.0,-5.551115123125783e-17,1.3085689999861643,400,32
0.01,64,16384,mamba,0,19449,0.4795078048182943,0.5887445887445888,0.00958251953125,0.4459016393442623,0.8662420382165605,0.011347109435582184,136,169,21,16384,0.9933459758758545,0.47950780481829436,345,0.47982695754397187,0.47982695754397187,-0.0003191527256775073,-0.0003191527256775073,8.089598000049591,400,32
0.01,64,16384,mamba,1,19449,0.4485298926767805,0.539440203562341,0.00958251953125,0.4491525423728814,0.6751592356687898,0.011626537509436194,106,130,51,16384,0.9917283654212952,0.47120318228173275,345,0.4484232761762379,0.47108877711565733,0.00010661650054261118,0.00011440516607535978,8.040499800001271,400,32
0.01,64,16384,mamba,2,19449,0.47553260610919534,0.49101796407185627,0.00958251953125,0.4632768361581921,0.5222929936305732,0.008632864701731973,82,95,75,16384,0.8613190054893494,0.48116014629736825,345,0.4754776153149967,0.4811154165667725,5.499079419862829e-05,4.472973059577168e-05,7.9792237999499775,400,32
0.01,64,16384,mamba,3,19449,0.4742840604315444,0.6255144032921811,0.00958251953125,0.46200607902735563,0.9681528662420382,0.01123503775081138,152,177,5,16384,0.9849063754081726,0.47428406043154436,345,0.47410619037975976,0.47410619037975976,0.00017787005178465654,0.00017787005178465654,7.9380824999534525,400,32
0.01,64,16384,mamba,4,19449,0.43573278047944536,0.6,0.00958251953125,0.46075085324232085,0.8598726114649682,0.011316352690534773,135,158,22,16384,0.9919666647911072,0.4357327804794454,345,0.4355720466283916,0.43557204662839155,0.000160733851053807,0.0001607338510538625,7.966358200006653,400,32
0.2,2,4096,gru,0,19169,1.0,0.9995414947271893,0.19976806640625,1.0,0.999083409715857,0.0011573322906517258,3270,0,3,16384,0.9470714926719666,1.0,6580,0.41917363114755113,0.4980091088590985,0.5808263688524489,0.5019908911409015,1.3441121999640018,400,32
0.2,2,4096,gru,1,19169,1.0,1.0,0.19976806640625,1.0,1.0,0.0010437696694814568,3273,0,0,16384,0.8430888056755066,1.0,6580,0.42606555796643963,0.502775627329167,0.5739344420335604,0.49722437267083297,1.3607752000098117,400,32
0.2,2,4096,gru,2,19169,1.0,0.9998472116119175,0.19976806640625,1.0,0.9996944699052857,0.0012058096512483417,3272,0,1,16384,0.9303125739097595,1.0,6580,0.3955989637015028,0.5046933661465597,0.6044010362984972,0.4953066338534403,1.3394398000091314,400,32
0.2,2,4096,gru,3,19169,1.0,0.9983167559296098,0.19976806640625,1.0,0.9966391689581424,0.001670860350231503,3262,0,11,16384,0.9279846549034119,1.0,6580,0.4036503939016921,0.49806454724560256,0.5963496060983079,0.5019354527543974,1.3626839999924414,400,32
0.2,2,4096,gru,4,19169,1.0,0.9990825688073395,0.19976806640625,1.0,0.998166819431714,0.0028154138767908145,3267,0,6,16384,0.8929368853569031,1.0,6580,0.42010678241991395,0.5000808754856123,0.579893217580086,0.4999191245143877,1.3423329000361264,400,32
0.2,2,4096,mamba,0,19449,0.9999961985712288,0.9995417748587139,0.19976806640625,0.9993891264508247,0.9996944699052857,0.00017191791269825907,3272,2,1,16384,0.5113013386726379,0.9999962902041196,6580,0.411029931511985,0.4965567437141586,0.5889662670592437,0.503439546489961,7.91411519999383,400,32
0.2,2,4096,mamba,1,19449,0.9999998133312346,0.9978567054500919,0.19976806640625,1.0,0.9957225786739994,0.000557489787123616,3259,0,14,16384,0.9929739236831665,1.0,6580,0.4467902708412409,0.5056573910065065,0.5532095424899937,0.49434260899349347,7.957581499998923,400,32
0.2,2,4096,mamba,2,19449,1.0,0.9984700122399021,0.19976806640625,1.0,0.9969446990528567,5.491949191574552e-05,3263,0,10,16384,0.9895137548446655,1.0,6580,0.40453874958634206,0.5020217814584069,0.5954612504136579,0.4979782185415931,7.978186400025152,400,32
0.2,2,4096,mamba,3,19449,1.0,0.9998472116119175,0.19976806640625,1.0,0.9996944699052857,1.4665387872271991e-05,3272,0,1,16384,0.9853309392929077,1.0,6580,0.4656307582094712,0.5023964588051985,0.5343692417905288,0.49760354119480155,8.027472100045998,400,32
0.2,2,4096,mamba,4,19449,1.0,1.0,0.19976806640625,1.0,1.0,0.00010222457870656036,3273,0,0,16384,0.9803414344787598,1.0,6580,0.48879190562149755,0.5037448422197103,0.5112080943785025,0.4962551577802897,8.020406800031196,400,32
0.2,2,16384,gru,0,19169,1.0,0.9993885661877102,0.19976806640625,1.0,0.9987778796211427,0.0008581029095562758,3269,0,4,16384,0.9562340378761292,1.0,6580,0.4028691360570714,0.49718475233649695,0.5971308639429286,0.502815247663503,1.3360961000435054,400,32
0.2,2,16384,gru,1,19169,1.0,0.9964740150237621,0.19976806640625,1.0,0.9929728078215704,0.0018588426931494088,3250,0,23,16384,0.8974976539611816,1.0,6580,0.439267894333683,0.5025721068634251,0.560732105666317,0.4974278931365749,1.3599100999999791,400,32
0.2,2,16384,gru,2,19169,1.0,0.9996943765281173,0.19976806640625,1.0,0.9993889398105713,0.0008363086089560119,3271,0,2,16384,0.8567565679550171,1.0,6580,0.39759041363684766,0.495543645298064,0.6024095863631523,0.5044563547019361,1.482697100029327,400,32
0.2,2,16384,gru,3,19169,1.0,0.9998472116119175,0.19976806640625,1.0,0.9996944699052857,0.0013866932524792968,3272,0,1,16384,0.9088374972343445,1.0,6580,0.3971587412005963,0.5045107427095963,0.6028412587994036,0.4954892572904037,1.3288292000070214,400,32
0.2,2,16384,gru,4,19169,1.0,1.0,0.19976806640625,1.0,1.0,0.0019157186499219687,3273,0,0,16384,0.8381698131561279,1.0,6580,0.40931544161121175,0.5008737508210486,0.5906845583887883,0.49912624917895143,1.4544764999882318,400,32
0.2,2,16384,mamba,0,19449,0.9999993472429319,0.9995417748587139,0.19976806640625,0.9993891264508247,0.9996944699052857,0.0001974462654029966,3272,2,1,16384,0.8014110326766968,0.9999994403354139,6580,0.418376269727312,0.4963173734201001,0.5816230775156198,0.5036820669153137,7.957136199984234,400,32
0.2,2,16384,mamba,1,19449,0.9999999066798733,0.9998472116119175,0.19976806640625,1.0,0.9996944699052857,5.4975042189106044e-05,3272,0,1,16384,0.7440460324287415,0.9999999066798734,6580,0.4475164275012411,0.5003600031062929,0.5524834791786323,0.49963990357358046,7.961819299962372,400,32
0.2,2,16384,mamba,2,19449,1.0,0.9987763842153564,0.19976806640625,1.0,0.9975557592422853,2.396296284163016e-05,3265,0,8,16384,0.9950811862945557,1.0,6580,0.41279237383928735,0.5043245615278916,0.5872076261607126,0.4956754384721084,7.9523386000073515,400,32
0.2,2,16384,mamba,3,19449,0.9999998133312346,0.9996944699052857,0.19976806640625,0.9996944699052857,0.9996944699052857,0.00017505925444903102,3272,1,1,16384,0.9401519298553467,1.0,6580,0.4737693585487552,0.5030476854320403,0.5262304547824794,0.49695231456795974,8.091699399985373,400,32
0.2,2,16384,mamba,4,19449,0.9999999999999999,0.9995414947271893,0.19976806640625,1.0,0.999083409715857,6.689285948864547e-05,3270,0,3,16384,0.9949474334716797,1.0,6580,0.452995830020516,0.5016509385324293,0.547004169979484,0.49834906146757074,7.973571200040169,400,32
0.2,64,4096,gru,0,19169,0.49808832759496724,0.6636789570177225,0.19976806640625,0.49778456837280366,0.995417048579285,0.1387265635293205,3258,3287,15,16384,0.631960391998291,0.49808832759496724,6580,0.4980773594558229,0.4980773594558229,1.0968139144418299e-05,1.0968139144307276e-05,1.3932065999833867,400,32
0.2,64,4096,gru,1,19169,0.49651216775485035,0.6631321370309952,0.19976806640625,0.497628156082632,0.9935838680109991,0.12050086466818463,3252,3283,21,16384,0.5130435228347778,0.4965121677548503,6580,0.49650351537717013,0.4965035153771701,8.652377680273826e-06,8.652377680273826e-06,1.2726928999763913,400,32
0.2,64,4096,gru,2,19169,0.49312868153265604,0.6607216072160722,0.19976806640625,0.49714638284744717,0.9847234952642835,0.14076274094984387,3223,3260,50,16384,0.6594170928001404,0.49312868153265604,6580,0.4931285319683401,0.49312853196834006,1.4956431593216024e-07,1.495643159876714e-07,1.313820899988059,400,32
0.2,64,4096,gru,3,19169,0.5038201211871045,0.6614141000716259,0.19976806640625,0.49723076923076925,0.9874732661167125,0.1359549730747564,3232,3268,41,16384,0.7017300724983215,0.5038201211871044,6580,0.5038200183930099,0.5038200183930098,1.0279409445868026e-07,1.0279409456970257e-07,1.2965263999649324,400,32
0.2,64,4096,gru,4,19169,0.5048138852389024,0.6643654822335026,0.19976806640625,0.497491257412194,0.9996944699052857,0.14673920584982791,3272,3305,1,16384,0.6115726232528687,0.5048138852389024,6580,0.5048142428505928,0.5048142428505927,-3.576116904824289e-07,-3.576116903714066e-07,1.3480964000336826,400,32
0.2,64,4096,mamba,0,19449,0.4976291694939939,0.6578539708767944,0.19976806640625,0.4968798751950078,0.973113351665139,0.15921300316554088,3185,3225,88,16384,0.8521150350570679,0.49762916949399383,6580,0.49768939134117895,0.497689391341179,-6.0221847185015775e-05,-6.022184718507129e-05,7.98055390000809,400,32
0.2,64,4096,mamba,1,19449,0.4960618833554392,0.6634026927784578,0.19976806640625,0.4979329352319706,0.9935838680109991,0.12473247970436874,3252,3279,21,16384,0.6932635307312012,0.4960618833554393,6580,0.49550189782721427,0.4955018978272143,0.0005599855282250044,0.0005599855282249488,7.991956099984236,400,32
0.2,64,4096,mamba,2,19449,0.49503943721262345,0.6533319514975645,0.19976806640625,0.49435382685069007,0.9630308585395662,0.14691923338836607,3152,3224,121,16384,0.043036431074142456,0.49807133867193665,6580,0.4948083726146355,0.49784015091252243,0.00023106459798794,0.00023118775941416425,7.962772799946833,400,32
0.2,64,4096,mamba,3,19449,0.5060037637398278,0.664229128580134,0.19976806640625,0.49748973071656777,0.999083409715857,0.1267451596797932,3270,3303,3,16384,0.6012267470359802,0.5060037637398278,6580,0.505026698436881,0.5050266984368809,0.0009770653029469445,0.0009770653029469445,7.98447570001008,400,32
0.2,64,4096,mamba,4,19449,0.5045346715194601,0.6644336175395859,0.19976806640625,0.49749202006383947,1.0,0.1387311454705257,3273,3306,0,16384,0.5913578867912292,0.5045346715194601,6580,0.5042169126920114,0.5042169126920113,0.00031775882744866646,0.0003177588274487775,7.9610056999954395,400,32
0.2,64,16384,gru,0,19169,0.49164736467407943,0.6605749486652978,0.19976806640625,0.4974485851244781,0.9828903146959975,0.1428346610827157,3217,3250,56,16384,0.7539897561073303,0.49164736467407943,6580,0.49164736467407943,0.49164736467407943,0.0,-5.551115123125783e-17,1.3184915999881923,400,32
0.2,64,16384,gru,1,19169,0.4914488405640178,0.6631396886763659,0.19976806640625,0.4971018913971934,0.9957225786739994,0.12640734785853813,3259,3297,14,16384,0.6120611429214478,0.4914488405640177,6580,0.49144926200203365,0.4914492620020337,-4.2143801592953167e-07,-4.214380159850428e-07,1.2569971000193618,400,32
0.2,64,16384,gru,2,19169,0.507430485762915,0.6621718255184391,0.19976806640625,0.49739103744628604,0.9902230369691415,0.12474753004287152,3241,3275,32,16384,0.5404312014579773,0.507430485762915,6580,0.5074305155099764,0.5074305155099763,-2.9747061369711503e-08,-2.97470612586892e-08,1.3218638999969698,400,32
0.2,64,16384,gru,3,19169,0.48667789058718014,0.6584685336364576,0.19976806640625,0.49750156152404745,0.9734188817598534,0.1420857864888939,3186,3218,87,16384,0.738782525062561,0.48667789058718014,6580,0.4866778905871801,0.4866778905871801,5.551115123125783e-17,5.551115123125783e-17,1.267777599976398,400,32
0.2,64,16384,gru,4,19169,0.4950544912943484,0.6646341463414634,0.19976806640625,0.4979442667884879,0.999083409715857,0.14620987520462853,3270,3297,3,16384,0.7068051695823669,0.4950544912943484,6580,0.49505459927316875,0.4950545992731688,-1.079788203295351e-07,-1.0797882038504625e-07,1.3072583000175655,400,32
0.2,64,16384,mamba,0,19449,0.498574613991445,0.6636188154018083,0.19976806640625,0.4971080669710807,0.9978612893369997,0.1306412171305283,3266,3304,7,16384,0.6485164165496826,0.498574613991445,6580,0.4980286704912947,0.4980286704912947,0.0005459435001503032,0.0005459435001503032,7.970409800007474,400,32
0.2,64,16384,mamba,1,19449,0.4937182066322264,0.6578402978899462,0.19976806640625,0.49726348709929635,0.9715857011915674,0.12921809537531215,3180,3215,93,16384,0.718370258808136,0.4937182066322263,6580,0.4929429721443079,0.49294297214430793,0.0007752344879184414,0.0007752344879183859,7.9740912999841385,400,32
0.2,64,16384,mamba,2,19449,0.5014322825477731,0.6627966188002852,0.19976806640625,0.4970974641002139,0.9941949282004278,0.14130853634085216,3254,3292,19,16384,0.5296770930290222,0.5014322825477731,6580,0.5013226544428592,0.5013226544428591,0.00010962810491388364,0.00010962810491399466,7.9691329000052065,400,32
0.2,64,16384,mamba,3,19449,0.494945877502333,0.6638220054861322,0.19976806640625,0.49726027397260275,0.998166819431714,0.14415714140228808,3267,3303,6,16384,0.8134477138519287,0.49494587750233293,6580,0.49463940333749734,0.49463940333749734,0.00030647416483559065,0.00030647416483559065,7.948154899990186,400,32
0.2,64,16384,mamba,4,19449,0.49841880253503607,0.6647028948704926,0.19976806640625,0.497869750456482,0.9996944699052857,0.144963497705049,3272,3300,1,16384,0.7925212979316711,0.498418802535036,6580,0.4974039693435458,0.49740396934354575,0.0010148331914902609,0.0010148331914903164,7.965077300032135,400,32
