model,arm,seed,lr,parameters,ap,f1,prevalence,precision,recall,brier,tp,fp,fn,n,threshold,query_ap,query_n,cue_shuffled_ap,cue_shuffled_query_ap,cue_shuffle_query_ap_drop,auxiliary_long_task_success,best_step,best_stage,best_training_lag,best_val_ap,best_val_query_ap,final_val_ap,final_val_query_ap,training_seconds,record_exposures,positive_exposures,query_exposures,unique_training_records_seen
gru,direct,0,0.003,19169,1.0,0.9995523056260259,0.20458984375,1.0,0.9991050119331742,3.114260216780758e-08,3349,0,3,16384,0.999817430973053,0.9999999999999999,6561,0.3734280515658516,0.5001077732567888,0.4998922267432111,True,1600,4,64,1.0000000000000002,1.0,1.0,1.0,8.977817200007848,76800,14869,30204,4096
gru,direct,1,0.003,19169,1.0,1.0,0.20458984375,1.0,1.0,0.00013782728945099004,3352,0,0,16384,0.9898703694343567,1.0,6561,0.3845944400988529,0.5040178655508083,0.4959821344491917,True,1400,4,64,1.0,1.0,1.0,1.0,8.907484999974258,76800,16181,30525,4096
gru,direct,2,0.003,19169,1.0,0.9995523056260259,0.20458984375,1.0,0.9991050119331742,1.022088000266135e-05,3349,0,3,16384,0.9934564232826233,1.0,6561,0.38419555253423177,0.5123298123828993,0.4876701876171007,True,1300,4,64,1.0,1.0,1.0,1.0,8.974580199981574,76800,15356,31228,4096
gru,direct,3,0.003,19169,1.0,0.9998508130687752,0.20458984375,1.0,0.9997016706443914,7.717054229142358e-09,3351,0,1,16384,0.9998513460159302,1.0,6561,0.38606583114271353,0.5090883474150336,0.4909116525849664,True,2000,5,64,1.0000000000000002,1.0,1.0,1.0,9.012976599973626,76800,16322,30607,4096
gru,direct,4,0.003,19169,1.0,0.9997015816174276,0.20458984375,1.0,0.9994033412887828,8.207128949176682e-05,3350,0,2,16384,0.9067502617835999,1.0,6561,0.41949647954774594,0.5079368974119483,0.49206310258805175,True,1900,5,64,1.0,0.9999999999999999,1.0,1.0,9.112019899999723,76800,15402,30530,4096
gru,curriculum,0,0.003,19169,0.9999999999999999,0.998805256869773,0.20458984375,1.0,0.9976133651551312,1.6347125622129307e-09,3344,0,8,16384,0.9999529123306274,0.9999999999999999,6561,0.378410427898452,0.5051222258363924,0.49487777416360745,True,2300,6,64,1.0000000000000002,1.0,1.0,1.0,9.204882099991664,76800,14869,30204,4096
gru,curriculum,1,0.003,19169,1.0,0.9998508130687752,0.20458984375,1.0,0.9997016706443914,2.9824806306077723e-05,3351,0,1,16384,0.6268805265426636,1.0,6561,0.38687059500750265,0.5142856751988193,0.4857143248011807,True,2100,6,64,1.0,1.0,1.0,1.0,9.328808399965055,76800,16181,30525,4096
gru,curriculum,2,0.003,19169,0.9999999999999999,1.0,0.20458984375,1.0,1.0,1.2169377282934743e-07,3352,0,0,16384,0.9961183071136475,1.0,6561,0.38752478843359617,0.507006875922641,0.49299312407735896,True,1700,5,32,1.0000000000000004,1.0,1.0,1.0,9.510492099972907,76800,15356,31228,4096
gru,curriculum,3,0.003,19169,0.9999999999999999,1.0,0.20458984375,1.0,1.0,2.456145542885373e-09,3352,0,0,16384,0.9999401569366455,0.9999999999999999,6561,0.39640835605850644,0.5043292098530157,0.49567079014698423,True,2100,6,64,1.0000000000000002,1.0,1.0,1.0000000000000002,9.482530499983113,76800,16322,30607,4096
gru,curriculum,4,0.003,19169,1.0,1.0,0.20458984375,1.0,1.0,1.8041787446255682e-07,3352,0,0,16384,0.9743096232414246,1.0,6561,0.3962946299814013,0.5101597175590838,0.48984028244091615,True,1700,5,32,1.0,1.0,1.0,1.0000000000000002,9.349960600025952,76800,15402,30530,4096
mamba,direct,0,0.003,19449,0.504638864062254,0.6760165472707094,0.20458984375,0.5107485897240432,0.9994033412887828,0.131515944889406,3350,3209,2,16384,0.7503459453582764,0.504638864062254,6561,0.5054989649454098,0.5054989649454098,-0.000860100883155801,False,200,1,64,0.5173850067591999,0.5173850067591999,0.5016845911391933,0.5016853541615995,61.54183399997419,76800,14869,30204,4096
mamba,direct,1,0.003,19449,0.5071966499248006,0.6760847628657921,0.20458984375,0.5108264714852089,0.9994033412887828,0.14540728025247887,3350,3208,2,16384,0.5087029337882996,0.5071968587773219,6561,0.5073766923365838,0.5073769011891051,-0.0001800424117831545,False,300,1,64,0.5342094145328171,0.534210558358181,0.5029679329454315,0.5090264206196635,61.3719271000009,76800,16181,30525,4096
mamba,direct,2,0.003,19449,0.9999935530313518,0.9992542878448919,0.20458984375,0.999105278854757,0.9994033412887828,0.0003053202577025807,3350,3,2,16384,0.9124422669410706,0.9999949721074267,6561,0.509945431528282,0.5101315366456627,0.48986343546176403,True,1400,4,64,1.0,1.0,1.0,1.0,61.481521699985024,76800,15356,31228,4096
mamba,direct,3,0.003,19449,0.9999998221053334,0.9998508130687752,0.20458984375,1.0,0.9997016706443914,6.151170346913592e-05,3351,0,1,16384,0.8502371311187744,1.0,6561,0.5116474788243632,0.5119658688671586,0.48803413113284144,True,1500,4,64,1.0000000000000002,1.0,1.0,1.0000000000000002,61.4768189000315,76800,16322,30607,4096
mamba,direct,4,0.003,19449,0.5262120634586392,0.6723117731075291,0.20458984375,0.5108527131782946,0.9829952267303103,0.14148364043925893,3295,3155,57,16384,0.5790167450904846,0.5262122494326056,6561,0.5260941659334759,0.5260943519074422,0.00011789752516333518,False,300,1,64,0.5393404539454442,0.5393404539454443,0.5121239303055207,0.5169652837298723,61.89038639998762,76800,15402,30530,4096
mamba,curriculum,0,0.003,19449,0.5021235824722743,0.6741686942416869,0.20458984375,0.5105958230958231,0.991945107398568,0.1249738633222104,3325,3187,27,16384,0.7597213983535767,0.5021235824722742,6561,0.5020108214644584,0.5020108214644584,0.00011276100781576481,False,2000,5,32,0.48868267229914725,0.48868267229914714,0.48595621378612003,0.48595621378612003,61.355128499970306,76800,14869,30204,4096
mamba,curriculum,1,0.003,19449,1.0,1.0,0.20458984375,1.0,1.0,2.2741564893463594e-08,3352,0,0,16384,0.9980677962303162,1.0,6561,0.47438999563876416,0.5002213331472461,0.49977866685275385,True,2200,6,64,1.0,1.0,1.0,1.0000000000000002,61.43982170004165,76800,16181,30525,4096
mamba,curriculum,2,0.003,19449,0.9999999999999999,0.9998508130687752,0.20458984375,1.0,0.9997016706443914,0.00020260291552415597,3351,0,1,16384,0.9974212646484375,1.0,6561,0.5049457314714025,0.5049457314714025,0.49505426852859746,True,1900,5,32,1.0,1.0,1.0,1.0,61.4009024000261,76800,15356,31228,4096
mamba,curriculum,3,0.003,19449,0.9999999999999999,0.9998508575689784,0.20458984375,0.9997017596182524,1.0,6.099218097195912e-05,3352,1,0,16384,0.9985734224319458,1.0,6561,0.5057111316665804,0.5057635383384189,0.4942364616615811,True,1500,4,16,1.0,1.0,1.0,1.0,61.26844600000186,76800,16322,30607,4096
mamba,curriculum,4,0.003,19449,1.0,1.0,0.20458984375,1.0,1.0,8.191008729143543e-05,3352,0,0,16384,0.9990137815475464,1.0,6561,0.4548669534006989,0.5118854305750666,0.48811456942493336,True,900,3,8,1.0,0.9999999999999999,1.0,0.9999999999999999,61.22804220003309,76800,15402,30530,4096
