study,rate,lag,n_train,model,seeds,parameters,ap_mean,ap_seed_sd,query_ap_mean,query_ap_seed_sd,f1_mean,f1_seed_sd,event_f1_mean,event_f1_seed_sd,event_recall_mean,event_recall_seed_sd,false_alarms_per_min_mean,false_alarms_per_min_seed_sd,key_shuffled_ap_mean,key_shuffled_ap_seed_sd,key_shuffled_query_ap_mean,key_shuffled_query_ap_seed_sd,seconds_mean,seconds_seed_sd,precision_mean,precision_seed_sd,recall_mean,recall_seed_sd,cue_shuffled_ap_mean,cue_shuffled_ap_seed_sd,cue_shuffled_query_ap_mean,cue_shuffled_query_ap_seed_sd,cue_shuffle_ap_drop_mean,cue_shuffle_ap_drop_seed_sd,cue_shuffle_query_ap_drop_mean,cue_shuffle_query_ap_drop_seed_sd,configuration,suite,n_train_trials,n_test_trials,event_miss_fraction_mean,event_miss_fraction_seed_sd,negative_alarm_time_fraction_mean,negative_alarm_time_fraction_seed_sd,alarm_time_fraction_mean,alarm_time_fraction_seed_sd,training_seconds_mean,training_seconds_seed_sd,all_matched_nonnegative_delays_median_mean,all_matched_nonnegative_delays_median_seed_sd,observed_onset_nonnegative_delays_median_mean,observed_onset_nonnegative_delays_median_seed_sd,observed_onset_signed_differences_median_mean,observed_onset_signed_differences_median_seed_sd,matched_temporal_ious_median_mean,matched_temporal_ious_median_seed_sd,arm,shared_lr,brier_mean,brier_seed_sd,best_step_mean,best_step_seed_sd,best_val_ap_mean,best_val_ap_seed_sd,best_val_query_ap_mean,best_val_query_ap_seed_sd,final_val_ap_mean,final_val_ap_seed_sd,final_val_query_ap_mean,final_val_query_ap_seed_sd,positive_exposures_mean,positive_exposures_seed_sd,query_exposures_mean,query_exposures_seed_sd,ap_descriptive_ci95,query_ap_descriptive_ci95,cue_shuffled_ap_descriptive_ci95,cue_shuffled_query_ap_descriptive_ci95,cue_shuffle_query_ap_drop_descriptive_ci95,auxiliary_success_seeds,stable_success_all_five_seeds,sampler,ap_ci95_lower,ap_ci95_upper,query_ap_ci95_lower,query_ap_ci95_upper,cue_shuffled_ap_ci95_lower,cue_shuffled_ap_ci95_upper,cue_shuffled_query_ap_ci95_lower,cue_shuffled_query_ap_ci95_upper
v1,0.01,2,64,mlp,5,19443,0.47275859511451995,0.020334499452538263,0.47275859511451995,0.020334499452538294,0.6359949941393275,0.003850676055317049,0.6371456175236904,0.003471297231187397,0.992491467576792,0.01116411415276183,12.04833984375,0.10029099563693228,0.4784173968077329,0.01813174074520594,0.4784173968077329,0.018131740745205963,1.3369909200002439,0.027651192985871455,,,,,,,,,,,,,,,,,,,,,,,,,,,,,,,,,,,,,,,,,,,,,,,,,,,,,,,,,,,,,,,,,,
v1,0.01,2,64,tcn,5,19111,0.9917150341191785,0.011255654226645134,0.9928201275852416,0.009437287215230124,0.9626047115671895,0.027971977475567178,0.9635197996695324,0.02650004120766925,0.9638225255972698,0.0455091011625482,0.38818359375,0.29365459272552913,0.352128979986238,0.027587269925766853,0.4877474255736062,0.0042072223403561764,2.2806986600160597,0.06752175825769195,,,,,,,,,,,,,,,,,,,,,,,,,,,,,,,,,,,,,,,,,,,,,,,,,,,,,,,,,,,,,,,,,,
v1,0.01,2,64,gru,5,19169,0.9977137377427845,0.002465783147382353,0.9977240505582102,0.002454138582517596,0.9799257044496501,0.009751730028204997,0.9874745585236402,0.008895665256941968,0.9877133105802047,0.006199966595421452,0.13916015625,0.2515951763278955,0.44913634425157617,0.024435594344873565,0.4836229027372553,0.01868190376995938,1.5930175999877974,0.03429641305869299,,,,,,,,,,,,,,,,,,,,,,,,,,,,,,,,,,,,,,,,,,,,,,,,,,,,,,,,,,,,,,,,,,
v1,0.01,2,64,mamba,5,19449,0.9479994464963865,0.05726375314846946,0.9633146510160131,0.03930205573951092,0.9175017360457755,0.06125598011868787,0.918519672573653,0.05933090617330205,0.9262798634812286,0.052519819963607745,0.9814453125,0.7403441174165554,0.3733149887129654,0.06510427510432379,0.491233918905596,0.018711578115050267,6.785541179997381,0.7738862342692518,,,,,,,,,,,,,,,,,,,,,,,,,,,,,,,,,,,,,,,,,,,,,,,,,,,,,,,,,,,,,,,,,,
v1,0.01,2,256,mlp,5,19443,0.46756330940400287,0.019044044596389507,0.46756330940400287,0.019044044596389524,0.6383247742159589,0.0026932960156133413,0.6389307414220424,0.0026969667713982784,0.9959044368600682,0.005608080793568243,12.03369140625,0.08430808911050784,0.46525889385517905,0.017377909387370407,0.46525889385517916,0.01737790938737043,1.2333078200230374,0.01645457034526294,,,,,,,,,,,,,,,,,,,,,,,,,,,,,,,,,,,,,,,,,,,,,,,,,,,,,,,,,,,,,,,,,,
v1,0.01,2,256,tcn,5,19111,0.99999333328395,1.4907230274295297e-05,0.99999333328395,1.4907230274332534e-05,0.9959987610841508,0.0025285281167794203,0.9962485457649246,0.0022140812966333226,0.9965870307167236,0.004826667448372351,0.0439453125,0.06017459738215936,0.3497794792405228,0.02171026927949797,0.4911802464639627,0.01059564258360141,2.2148462600074708,0.0850945680252209,,,,,,,,,,,,,,,,,,,,,,,,,,,,,,,,,,,,,,,,,,,,,,,,,,,,,,,,,,,,,,,,,,
v1,0.01,2,256,gru,5,19169,0.9990473130566484,0.0018522298391830238,0.9990473130566484,0.0018522298391830544,0.9916600403580192,0.008533352758674735,0.9955165479607437,0.005941383482979871,0.9918088737201366,0.012210610116039789,0.00732421875,0.016377451007078537,0.4595796041825412,0.01613344844810259,0.477745540060267,0.009380526930769278,1.4650390599970706,0.022154395807613664,,,,,,,,,,,,,,,,,,,,,,,,,,,,,,,,,,,,,,,,,,,,,,,,,,,,,,,,,,,,,,,,,,
v1,0.01,2,256,mamba,5,19449,0.9999573631702642,7.181527114147668e-05,0.999988903605102,1.3608392238877311e-05,0.9959977240666408,0.0014911740677204849,0.996243929876416,0.002226447386964303,0.9959044368600682,0.0044499675120837304,0.03662109375,0.04485149675506307,0.39793646109518815,0.09876312660678661,0.4806278364932764,0.011554695403101136,7.096349240001291,0.4844876975755029,,,,,,,,,,,,,,,,,,,,,,,,,,,,,,,,,,,,,,,,,,,,,,,,,,,,,,,,,,,,,,,,,,
v1,0.01,64,64,mlp,5,19443,0.5109593802064453,0.026830832824470564,0.5110589804998377,0.026669060551609263,0.6709689490161599,0.0035056091041646815,0.6775705215560126,0.0038369209316190898,0.9869969040247678,0.008013733192287792,10.95703125,0.054317860012907684,0.5080043518914262,0.02256689326074336,0.5080053254116754,0.02256534744290409,1.3362640800070948,0.10639036348310632,,,,,,,,,,,,,,,,,,,,,,,,,,,,,,,,,,,,,,,,,,,,,,,,,,,,,,,,,,,,,,,,,,
v1,0.01,64,64,tcn,5,19111,0.452338896212871,0.04085095591942649,0.5011044134638294,0.01085029905210301,0.5651728869060738,0.04515196362695895,0.5709090954806803,0.046778936670751406,0.7287925696594426,0.0993031341014462,9.64599609375,0.7253380579227724,0.4587933478275856,0.03474230754915923,0.5068590368610855,0.006731883807233485,2.109751979983412,0.048399242124007036,,,,,,,,,,,,,,,,,,,,,,,,,,,,,,,,,,,,,,,,,,,,,,,,,,,,,,,,,,,,,,,,,,
v1,0.01,64,64,gru,5,19169,0.499651373253161,0.02451472931604796,0.5023316846238108,0.023893857241223383,0.6575650280931511,0.014426784258606934,0.6658540667875623,0.014046045852772419,0.9547987616099072,0.04040218022974567,10.78857421875,0.2747802463228135,0.5028038201118233,0.021165471980401453,0.5059813624994595,0.020995209158894943,1.4644688399974257,0.03991708546741069,,,,,,,,,,,,,,,,,,,,,,,,,,,,,,,,,,,,,,,,,,,,,,,,,,,,,,,,,,,,,,,,,,
v1,0.01,64,64,mamba,5,19449,0.4856096285567856,0.048362136869108535,0.5071425167833234,0.03413030316753102,0.6326621607046727,0.02048821173714855,0.6386936678232044,0.021306464664574146,0.860061919504644,0.05107890024431044,9.83642578125,0.5182887543073761,0.4789390535055745,0.03636841230637297,0.5034748375941991,0.02546816955072281,6.501047179987654,0.3881181274128688,,,,,,,,,,,,,,,,,,,,,,,,,,,,,,,,,,,,,,,,,,,,,,,,,,,,,,,,,,,,,,,,,,
v1,0.01,64,256,mlp,5,19443,0.530227742496684,0.02564965829224411,0.530227742496684,0.02564965829224409,0.6644388963655808,0.010550691694365195,0.6711760170713439,0.011097882340813754,0.9609907120743035,0.04441402808775061,10.6640625,0.5290449042416348,0.5220632414972457,0.020661403081675123,0.5220632414972457,0.02066140308167517,1.0864373399992473,0.036565832137892856,,,,,,,,,,,,,,,,,,,,,,,,,,,,,,,,,,,,,,,,,,,,,,,,,,,,,,,,,,,,,,,,,,
v1,0.01,64,256,tcn,5,19111,0.5033866723758397,0.01153634339501047,0.5149034783918862,0.01152208837302713,0.6403784223681998,0.029465571540421513,0.6480370688779183,0.0294832515238816,0.8996904024767801,0.08678676293791822,10.3125,0.7056572139607212,0.5043919657895743,0.01214663785197102,0.5158225703204387,0.012226514475972367,2.28194888002472,0.1325907906835917,,,,,,,,,,,,,,,,,,,,,,,,,,,,,,,,,,,,,,,,,,,,,,,,,,,,,,,,,,,,,,,,,,
v1,0.01,64,256,gru,5,19169,0.5182685654242755,0.018193373235152504,0.5182685654242756,0.018193373235152497,0.669267981853366,0.006367573967611291,0.6735731026115783,0.00780729291239853,0.9789473684210526,0.019751254374906,10.9716796875,0.08819527279388888,0.5215136567624865,0.0204221740505547,0.5215136567624866,0.020422174050554714,1.4666735000093467,0.09737950385449262,,,,,,,,,,,,,,,,,,,,,,,,,,,,,,,,,,,,,,,,,,,,,,,,,,,,,,,,,,,,,,,,,,
v1,0.01,64,256,mamba,5,19449,0.5092626633188562,0.014582088256829698,0.5094622411839052,0.014449296253731345,0.6689775269345148,0.006829460592070576,0.6757299399080947,0.007184016387905657,0.9777089783281735,0.022152995442722364,10.83251953125,0.17059298875271653,0.5171231928960858,0.01606474070195354,0.5173748817654765,0.016306595395214667,6.4058530000038445,0.28694699133400803,,,,,,,,,,,,,,,,,,,,,,,,,,,,,,,,,,,,,,,,,,,,,,,,,,,,,,,,,,,,,,,,,,
v1,0.2,2,64,mlp,5,19443,0.504407221846358,0.004013707179730441,0.504407221846358,0.004013707179730456,0.669355239906099,0.0008300205317832641,0.7456212369859365,0.0015741441624786527,0.931722169362512,0.0023706811040757063,109.2041015625,0.24837634215546636,0.5037660066698185,0.003886019477159264,0.5037660066698185,0.0038860194771593057,1.2342246799962595,0.05050842369571166,,,,,,,,,,,,,,,,,,,,,,,,,,,,,,,,,,,,,,,,,,,,,,,,,,,,,,,,,,,,,,,,,,
v1,0.2,2,64,tcn,5,19111,0.9999999818099579,4.0674170985112776e-08,0.9999999818099579,4.0674170985112776e-08,0.9998190045197406,0.00017364874940619006,0.9998477278093295,0.0001443580133203575,0.9997335870599429,0.0003184243678531424,0.00732421875,0.016377451007078537,0.4196268866039833,0.005342097734113095,0.505461827846778,0.0012469968647363344,2.1880827800021505,0.22303423668142702,,,,,,,,,,,,,,,,,,,,,,,,,,,,,,,,,,,,,,,,,,,,,,,,,,,,,,,,,,,,,,,,,,
v1,0.2,2,64,gru,5,19169,0.9999998636527933,3.0488162287875785e-07,0.9999998636527933,3.0488162287875785e-07,0.999728472650639,0.00023005693070859943,0.9996953831250032,0.00028087512808344466,0.9994291151284491,0.00057088487155089,0.00732421875,0.016377451007078537,0.41354872061364106,0.011983972379918148,0.5027676407581195,0.0022738219131999884,1.4706348799867555,0.017359708498160636,,,,,,,,,,,,,,,,,,,,,,,,,,,,,,,,,,,,,,,,,,,,,,,,,,,,,,,,,,,,,,,,,,
v1,0.2,2,64,mamba,5,19449,0.9999986491923922,1.889884435008327e-06,0.9999987531525694,1.8569020955907359e-06,0.9994571248525185,0.00024673718819110784,0.9995433934169338,0.0002883555726150299,0.9996194100856328,0.0002330627728623744,0.1025390625,0.11979072681003022,0.44085040551325133,0.0227868099238496,0.5034221898421638,0.004532570570910866,6.81693320000777,0.18182409032503274,,,,,,,,,,,,,,,,,,,,,,,,,,,,,,,,,,,,,,,,,,,,,,,,,,,,,,,,,,,,,,,,,,
v1,0.2,2,256,mlp,5,19443,0.5037701155706675,0.005166586592207981,0.5037701155706676,0.005166586592208005,0.6697716582482401,0.00011474275033987256,0.7462809276395233,0.00010395370441764737,0.93267364414843,0.0001592121839265762,109.0869140625,0.030639405268581867,0.5041045712026333,0.005219066427080225,0.5041045712026333,0.005219066427080252,1.290986720006913,0.023876009995815167,,,,,,,,,,,,,,,,,,,,,,,,,,,,,,,,,,,,,,,,,,,,,,,,,,,,,,,,,,,,,,,,,,
v1,0.2,2,256,tcn,5,19111,1.0,5.551115123125783e-17,1.0,5.551115123125783e-17,0.9999396795475108,6.308633809026314e-05,0.9999619373870017,5.21193793419895e-05,0.9999238820171266,0.00010422884062893195,0.0,0.0,0.4176745924074555,0.008271668200301778,0.5059009254463183,0.0010341098263250894,2.1310104199917985,0.09160015142739866,,,,,,,,,,,,,,,,,,,,,,,,,,,,,,,,,,,,,,,,,,,,,,,,,,,,,,,,,,,,,,,,,,
v1,0.2,2,256,gru,5,19169,1.0,0.0,1.0,0.0,0.9998190204471753,8.599306236967778e-05,0.9998667554946117,0.00015927117836906515,0.9997335870599429,0.0003184243678531424,0.0,0.0,0.4143808654056313,0.012058810635316547,0.5030754133188426,0.001960244634027485,1.53174175999593,0.06811566177258259,,,,,,,,,,,,,,,,,,,,,,,,,,,,,,,,,,,,,,,,,,,,,,,,,,,,,,,,,,,,,,,,,,
v1,0.2,2,256,mamba,5,19449,0.9999999909084065,2.0329420941436994e-08,0.9999999909084065,2.0329420941436994e-08,0.9998793431706752,0.00014702768661065813,0.9999238747729695,7.961907993005705e-05,0.9998858230256898,0.00017020498401521103,0.00732421875,0.016377451007078537,0.43745970405621853,0.020393959311263084,0.5030776760953548,0.0041899130318363165,6.923855219990946,0.18985646206899653,,,,,,,,,,,,,,,,,,,,,,,,,,,,,,,,,,,,,,,,,,,,,,,,,,,,,,,,,,,,,,,,,,
v1,0.2,64,64,mlp,5,19443,0.5047294237871986,0.004865072053885556,0.5047294237871986,0.004865072053885565,0.6687963580472002,0.00010448516830830142,0.7557686228365599,0.00021695087326473306,0.9392533936651584,0.00024582211181005376,106.11328125,0.06127881053716373,0.5042743002980359,0.003377060679438403,0.5042743002980359,0.003377060679438403,1.2566535200108775,0.009701325070074329,,,,,,,,,,,,,,,,,,,,,,,,,,,,,,,,,,,,,,,,,,,,,,,,,,,,,,,,,,,,,,,,,,
v1,0.2,64,64,tcn,5,19111,0.5000827835628647,0.0035205461883148436,0.5005130989369586,0.0032474636710489372,0.6622328076802368,0.006202834032466826,0.7487439291365044,0.006699418884930857,0.9282051282051281,0.009931263426341186,107.05078125,1.1839435929058704,0.5033358653314465,0.0037701564976731538,0.5037416880099495,0.0035898482607794437,1.982903739984613,0.0130053216886918,,,,,,,,,,,,,,,,,,,,,,,,,,,,,,,,,,,,,,,,,,,,,,,,,,,,,,,,,,,,,,,,,,
v1,0.2,64,64,gru,5,19169,0.5028381337540611,0.002138256229771536,0.5028381337540611,0.002138256229771536,0.6683928454600564,0.0007052943099337745,0.7551572848530709,0.0014160636133291916,0.9387631975867269,0.0011804280424206994,106.34765625,0.5583966314200527,0.5043279932622645,0.003131012087939542,0.5043279932622645,0.0031310120879395405,1.4793223000015132,0.13218741309573245,,,,,,,,,,,,,,,,,,,,,,,,,,,,,,,,,,,,,,,,,,,,,,,,,,,,,,,,,,,,,,,,,,
v1,0.2,64,64,mamba,5,19449,0.5012982232890002,0.006485065786514345,0.5018583460344097,0.0064723286538260014,0.6624034038452276,0.0058537854026189644,0.7486734930806346,0.006594092906304513,0.9290346907993966,0.00816563099705782,107.373046875,1.9743151346460919,0.5012636767516925,0.0032598292396178057,0.5018309696723837,0.0035858570381627083,6.268062439991627,0.22121240401040987,,,,,,,,,,,,,,,,,,,,,,,,,,,,,,,,,,,,,,,,,,,,,,,,,,,,,,,,,,,,,,,,,,
v1,0.2,64,256,mlp,5,19443,0.5086197643877466,0.002028964180753053,0.5086197643877466,0.0020289641807530296,0.668473742763194,0.0003984308531359307,0.7554084922648179,0.0006545078888888449,0.9387631975867269,0.0009464479938168242,106.1865234375,0.12310353745584676,0.507499326621444,0.000985398721395495,0.507499326621444,0.000985398721395495,1.2753264200058765,0.07861896500903465,,,,,,,,,,,,,,,,,,,,,,,,,,,,,,,,,,,,,,,,,,,,,,,,,,,,,,,,,,,,,,,,,,
v1,0.2,64,256,tcn,5,19111,0.5039215059655373,0.004307078750851972,0.5039281301606142,0.004318192198328687,0.6682914440529706,0.0008280489332534481,0.755335745056826,0.0007148420426905252,0.9380467571644042,0.0017565331370817607,106.00341796875,0.12034919476431873,0.5041389098356736,0.0038142725644113745,0.5041428838164107,0.0038176606770989902,2.1206246000132523,0.10518058298760773,,,,,,,,,,,,,,,,,,,,,,,,,,,,,,,,,,,,,,,,,,,,,,,,,,,,,,,,,,,,,,,,,,
v1,0.2,64,256,gru,5,19169,0.5022598236611867,0.00660333771319532,0.5022598236611867,0.00660333771319532,0.6689775051910416,0.00012053747788607482,0.7561131148520074,0.00019423421059828498,0.9397812971342383,0.00016863257748867132,106.06201171875,0.0793926393628374,0.501860381130586,0.0037979670063597983,0.501860381130586,0.003797967006359812,1.5646351600182242,0.1174347877606845,,,,,,,,,,,,,,,,,,,,,,,,,,,,,,,,,,,,,,,,,,,,,,,,,,,,,,,,,,,,,,,,,,
v1,0.2,64,256,mamba,5,19449,0.5033493274563465,0.0047349767091098725,0.503355363792685,0.004726063245103424,0.668540500740243,0.0006019886185820742,0.7554921303760802,0.000702876373650564,0.9388386123680241,0.0009483240075384048,106.1572265625,0.15187823256831826,0.5010408506576901,0.004149526833225396,0.5010476577024378,0.004141972583382791,6.409362860000693,0.084001656025626,,,,,,,,,,,,,,,,,,,,,,,,,,,,,,,,,,,,,,,,,,,,,,,,,,,,,,,,,,,,,,,,,,
v2,0.01,2,4096,gru,5,19169,0.573047681370979,0.23297048941820458,0.5761000996859488,0.230817757590541,0.6517154440574486,0.16517511295180748,,,,,,,,,,,1.646111140004359,0.043100145963503464,0.5610591310365466,0.2379834036482333,0.8229299363057325,0.10450519389550923,0.44976484333418665,0.037759034113802006,0.4590758884870142,0.024902411294589054,0.12328283803679244,0.26259624169979934,0.11702421119893466,0.24864310153477326,,,,,,,,,,,,,,,,,,,,,,,,,,,,,,,,,,,,,,,,,,,,,,,,,,,,,,
v2,0.01,2,4096,mamba,5,19449,0.8160879689742317,0.23601143861053858,0.840954483129319,0.24287162857304387,0.7986317185230227,0.15519573985280338,,,,,,,,,,,8.2542685200111,0.08781655947423615,0.8125721026154578,0.2251278024037083,0.8063694267515924,0.09539266554288571,0.3173390766059488,0.05648029667057933,0.4423156738548782,0.016815157560517678,0.49874889236828307,0.29011071850924136,0.39863880927444073,0.22628984965760204,,,,,,,,,,,,,,,,,,,,,,,,,,,,,,,,,,,,,,,,,,,,,,,,,,,,,,
v2,0.01,2,16384,gru,5,19169,0.5951172280713528,0.2156229197821828,0.5951172280713528,0.2156229197821828,0.6331120012889053,0.13769464508417847,,,,,,,,,,,1.540447900001891,0.015492573488191306,0.5693650421330799,0.21740668779469643,0.7605095541401274,0.14605305261535212,0.447751076873085,0.018588959942226875,0.447884663879606,0.01866235656015942,0.14736615119826788,0.20887826128752168,0.14723256419174674,0.20859200515750198,,,,,,,,,,,,,,,,,,,,,,,,,,,,,,,,,,,,,,,,,,,,,,,,,,,,,,
v2,0.01,2,16384,mamba,5,19449,0.9142972839393375,0.1456170280043711,0.9146136146200201,0.14572440712503615,0.8671052250272627,0.12478097767754892,,,,,,,,,,,8.011279300018213,0.11918476650811213,0.8961547397529058,0.16401511456697848,0.8484076433121019,0.10575933969429524,0.3903777506024254,0.09224067030876373,0.45643568331978174,0.013323462454922944,0.523919533336912,0.21237250288093093,0.45817793130023843,0.1541440978651746,,,,,,,,,,,,,,,,,,,,,,,,,,,,,,,,,,,,,,,,,,,,,,,,,,,,,,
v2,0.01,64,4096,gru,5,19169,0.4566731830192167,0.02842129901982844,0.46567323196899435,0.014717159367869706,0.5646718348935693,0.054757038991556185,,,,,,,,,,,1.3090093399980105,0.04246821743454884,0.44686583232770805,0.018028185917364842,0.7872611464968152,0.18164595607151338,0.4566731830192167,0.028421299019828438,0.46567323196899435,0.014717159367869706,-2.2204460492503132e-17,6.329245045284193e-17,-1.1102230246251566e-17,7.237768612447681e-17,,,,,,,,,,,,,,,,,,,,,,,,,,,,,,,,,,,,,,,,,,,,,,,,,,,,,,
v2,0.01,64,4096,mamba,5,19449,0.41463703943348423,0.03727930353965578,0.4481006968036598,0.012553868729510979,0.5303234806423687,0.08153431684929946,,,,,,,,,,,7.948728920007125,0.022767008919169312,0.4321926545685352,0.05433021465660774,0.6917197452229299,0.14430652866022403,0.4145107695300765,0.03717251654094717,0.4479799891503326,0.012543779243006361,0.00012626990340773857,0.0001803868102120105,0.00012070765332716782,0.00018466113851420745,,,,,,,,,,,,,,,,,,,,,,,,,,,,,,,,,,,,,,,,,,,,,,,,,,,,,,
v2,0.01,64,16384,gru,5,19169,0.4455984561546419,0.02563830538968371,0.4505769422046467,0.01652912486467182,0.5516665061209503,0.03944488282488807,,,,,,,,,,,1.3048008000012488,0.042476688744322345,0.44613594024349174,0.019364034414474537,0.7337579617834395,0.1352209947928054,0.44559532082345,0.02563520941829411,0.4505738068734548,0.016525503032087305,3.1353311918724812e-06,1.287482313877461e-05,3.1353311918946858e-06,1.2874823138774695e-05,,,,,,,,,,,,,,,,,,,,,,,,,,,,,,,,,,,,,,,,,,,,,,,,,,,,,,
v2,0.01,64,16384,mamba,5,19449,0.46271742890305195,0.019425433649170754,0.46837759486167707,0.018680400027376535,0.5689434319341935,0.053618303911462974,,,,,,,,,,,8.00275245999219,0.061293052706468336,0.4562175900290025,0.008065726456293524,0.778343949044586,0.17791121294530896,0.46268121720867156,0.01953490619465744,0.46834187764691054,0.018773018801826254,3.6211694380439144e-05,0.00020442982909111068,3.571721476642864e-05,0.00020496480318240554,,,,,,,,,,,,,,,,,,,,,,,,,,,,,,,,,,,,,,,,,,,,,,,,,,,,,,
v2,0.2,2,4096,gru,5,19169,1.0,0.0,1.0,0.0,0.9993576062152112,0.0006791931052399752,,,,,,,,,,,1.3498688200023026,0.010975782262187409,1.0,0.0,0.9987167736021998,0.001356085610826261,0.4129190658274199,0.012742716837845863,0.500724705013208,0.0029505072368511917,0.5870809341725801,0.012742716837845863,0.4992752949867921,0.002950507236851179,,,,,,,,,,,,,,,,,,,,,,,,,,,,,,,,,,,,,,,,,,,,,,,,,,,,,,
v2,0.2,2,4096,mamba,5,19449,0.9999992023804927,1.681124737951155e-06,0.9999992580408239,1.6590711542356747e-06,0.9991431408321251,0.0009349933793212465,,,,,,,,,,,7.97955240001902,0.04672256735733672,0.999877825290165,0.0002731909563225188,0.9984112435074856,0.0019491766462250708,0.4433563231541074,0.035791529103243666,0.5020754434407961,0.003397764625156673,0.5566428792263853,0.03579067526105475,0.4979238146000278,0.0033962583199349983,,,,,,,,,,,,,,,,,,,,,,,,,,,,,,,,,,,,,,,,,,,,,,,,,,,,,,
v2,0.2,2,16384,gru,5,19169,1.0,0.0,1.0,0.0,0.9990808338703013,0.0014746897544602223,,,,,,,,,,,1.392401800013613,0.0711934468058061,1.0,0.0,0.9981668194317141,0.00293849435711449,0.409240325367882,0.017492410590111897,0.5001369996057262,0.003722124601045033,0.5907596746321179,0.017492410590111862,0.4998630003942738,0.0037221246010450504,,,,,,,,,,,,,,,,,,,,,,,,,,,,,,,,,,,,,,,,,,,,,,,,,,,,,,
v2,0.2,2,16384,mamba,5,19449,0.9999998134508079,2.718651589679585e-07,0.9999998694030575,2.432361445046134e-07,0.9994802670636925,0.0004133746057228249,,,,,,,,,,,7.9873129399959,0.058883644213971215,0.999816719271222,0.0002732013928182672,0.9991445157347998,0.0009267186610512153,0.44109005192742234,0.025336028809200824,0.5011401124037509,0.0030784686224096655,0.5589097615233857,0.025335948621704067,0.4988597569993066,0.0030782435186753367,,,,,,,,,,,,,,,,,,,,,,,,,,,,,,,,,,,,,,,,,,,,,,,,,,,,,,
v2,0.2,64,4096,gru,5,19169,0.4992726366616961,0.004953685811647608,0.499272636661696,0.0049536858116475905,0.6626624567139837,0.001539436542040919,,,,,,,,,,,1.3248686399892904,0.04705647826670983,0.4974562267891692,0.00026712796601311805,0.9921784295753131,0.006055356745169573,0.49926873360898716,0.004955672163395627,0.49926873360898705,0.004955672163395596,3.903052708920107e-06,5.45791708900942e-06,3.903052708953414e-06,5.457917088922954e-06,,,,,,,,,,,,,,,,,,,,,,,,,,,,,,,,,,,,,,,,,,,,,,,,,,,,,,
v2,0.2,64,4096,mamba,5,19449,0.4998537850642689,0.0050556481769848316,0.5004601653561316,0.0044832744331263505,0.6606502722545072,0.004900889026053515,,,,,,,,,,,7.976152839988936,0.013664220396839798,0.4968296776116151,0.0014338673047043257,0.9857622975863123,0.016718667084651716,0.49944865458238424,0.004849097117486513,0.5000550102419615,0.00427994459092342,0.0004051304818847079,0.00038909351479651344,0.00040515511416995277,0.0003890797439975473,,,,,,,,,,,,,,,,,,,,,,,,,,,,,,,,,,,,,,,,,,,,,,,,,,,,,,
v2,0.2,64,16384,gru,5,19169,0.4944518145765081,0.007844198674145594,0.4944518145765081,0.007844198674145599,0.6617978285676048,0.0023751210905474276,,,,,,,,,,,1.2944776999996974,0.030032090319793314,0.4974774684560986,0.0003032506605612023,0.9882676443629699,0.010317240561140377,0.4944519264092877,0.007844172720210395,0.4944519264092877,0.007844172720210344,-1.1183277951465342e-07,1.7862073067021516e-07,-1.1183277952575565e-07,1.7862073069803664e-07,,,,,,,,,,,,,,,,,,,,,,,,,,,,,,,,,,,,,,,,,,,,,,,,,,,,,,
v2,0.2,64,16384,mamba,5,19449,0.4974179566417627,0.003092478238039423,0.4974179566417627,0.003092478238039446,0.6625561264897329,0.0027220051328020706,,,,,,,,,,,7.965373240003828,0.010149696585474943,0.4973198085199352,0.00031757838513280683,0.992300641613199,0.011754771589293115,0.496867533951901,0.003234611684497115,0.496867533951901,0.003234611684497057,0.0005504226898616959,0.0003605718620090173,0.0005504226898617182,0.00036057186200899263,,,,,,,,,,,,,,,,,,,,,,,,,,,,,,,,,,,,,,,,,,,,,,,,,,,,,,
real,,,,mlp,5,20915,0.525795245430696,0.07850557768959121,,,0.5410650806615294,0.027560012975436626,0.5698940187672582,0.036951298334173405,0.51,0.033541019662496875,2.831006589847824,0.45216594140354294,,,,,,,0.4618940540244208,0.031129060850209184,0.65426944971537,0.03100123005611441,,,,,,,,,held_trial_low,held_trial,18,18,0.48999999999999994,0.033541019662496854,0.3219969578644632,0.03609152207806161,0.4203654508071882,0.026495797647043507,1.5782363600097598,0.05239696187264064,0.0,0.0,0.0,0.0,-0.5064797401428223,0.07204797375875564,0.22238642336353767,0.03538249982509789,,,,,,,,,,,,,,,,,,,,,,,,,,,,,,,,,,
real,,,,tcn,5,20905,0.5508048727750505,0.07360428476793979,,,0.5742010202310283,0.033321393609277015,0.5645698626520544,0.03640008375624204,0.5349999999999999,0.051841103383319286,3.690419304623056,1.7566952338398898,,,,,,,0.4198200611544446,0.04507538585840165,0.9212523719165086,0.050749036952541085,,,,,,,,,held_trial_low,held_trial,18,18,0.465,0.051841103383319306,0.5484664195408703,0.13226814714989935,0.6588366897674093,0.10778194451716311,2.3750496799941176,0.143210983880713,0.0,0.0,0.0,0.0,-0.2066572427749634,0.26259497189154163,0.3735631343184197,0.08594849761499908,,,,,,,,,,,,,,,,,,,,,,,,,,,,,,,,,,
real,,,,gru,5,20641,0.6149467365984453,0.03220490774444489,,,0.5611096033751617,0.025778118068036898,0.45677856053589305,0.034300019590691254,0.445,0.05700877125495691,5.30813735596467,3.192296349767949,,,,,,,0.4478629635627856,0.058238493784865564,0.7804554079696394,0.11985592422452715,,,,,,,,,held_trial_low,held_trial,18,18,0.555,0.0570087712549569,0.42380045501933594,0.14918923673120024,0.5293785520060641,0.13870671304526594,1.5868679599952884,0.051269106440501484,0.0,0.0,0.0,0.0,-0.49668638706207274,0.21554733916384636,0.29641920787216464,0.06798142389489112,,,,,,,,,,,,,,,,,,,,,,,,,,,,,,,,,,
real,,,,mamba,5,21013,0.5514459698314349,0.05411425355925232,,,0.5658465628325098,0.027470150672251118,0.5572983843006727,0.06455819498226549,0.49000000000000005,0.04541475531146239,2.7804529007433993,1.3255289110091095,,,,,,,0.4161700145029239,0.037789044366242364,0.8992409867172675,0.09387013538589858,,,,,,,,,held_trial_low,held_trial,18,18,0.51,0.0454147553114624,0.5418108754688877,0.13592550335075335,0.6476377423296563,0.12089992557152293,6.689772979996633,0.1650714811473578,0.0,0.0,0.0,0.0,-0.6596124172210693,0.049249500418340565,0.2300424458481282,0.024845459505176772,,,,,,,,,,,,,,,,,,,,,,,,,,,,,,,,,,
real,,,,mlp,5,20915,0.49619929845490895,0.025983615933807956,,,0.527552595655553,0.033680958968637216,0.5563843608378995,0.02794263842449883,0.48,0.048088460154178385,2.4771307661168462,1.0483036093082807,,,,,,,0.3994471171450715,0.03451893376698509,0.779696394686907,0.03459031806246079,,,,,,,,,held_trial_full,held_trial,54,18,0.52,0.04808846015417835,0.4974087508087234,0.07100571180099405,0.5809915204603013,0.050764551936027344,1.2991661000065506,0.05716820909022061,0.0,0.0,0.0,0.0,-0.6564980268478393,0.030076500238995947,0.24455816130478789,0.027430321067507726,,,,,,,,,,,,,,,,,,,,,,,,,,,,,,,,,,
real,,,,tcn,5,20905,0.5667601054879714,0.05891801669371701,,,0.57018724719516,0.0525259662976335,0.6297817227812252,0.04761538274529512,0.61,0.05477225575051661,3.336543480892078,1.230543669734902,,,,,,,0.4702269722808722,0.10337591210058995,0.7662239089184061,0.10242637476788276,,,,,,,,,held_trial_full,held_trial,54,18,0.39,0.05477225575051661,0.40325466792993925,0.19616443330539315,0.510699533720816,0.16688724459222265,2.1511314600124023,0.054733531127911114,0.026732873916625977,0.04339458442953441,0.03333101272583008,0.04248198229796409,-0.016696238517761232,0.10478424027210803,0.3772214796035801,0.06558561505241517,,,,,,,,,,,,,,,,,,,,,,,,,,,,,,,,,,
real,,,,gru,5,20641,0.5397528126828117,0.038988358433951056,,,0.5337727969501561,0.015373316504496139,0.5893621149648315,0.04379029005572071,0.44000000000000006,0.0518411033833193,0.5055368910442544,0.39966200423505543,,,,,,,0.4591440495507778,0.025335002000818358,0.6475332068311195,0.0825706347616857,,,,,,,,,held_trial_full,held_trial,54,18,0.56,0.05184110338331929,0.3253090647450636,0.07010511534087242,0.42068335690928327,0.07362548379276217,1.482615020009689,0.018299421584880304,0.06002504825592041,0.08945608579971952,0.06004929542541504,0.08950334784794642,-0.0599043607711792,0.20740858020711306,0.29727328075845394,0.03808416403173084,,,,,,,,,,,,,,,,,,,,,,,,,,,,,,,,,,
real,,,,mamba,5,21013,0.5505810638201953,0.036761088370158415,,,0.5928352354673715,0.04910666527044034,0.6198937791868795,0.03939163342992717,0.5800000000000001,0.06224949798994367,2.932113968056675,1.066431239939909,,,,,,,0.4605574191603609,0.06342166403787905,0.852561669829222,0.09295939940968434,,,,,,,,,held_trial_full,held_trial,54,18,0.42000000000000004,0.06224949798994367,0.43949289077268683,0.163892137019749,0.5617696068790202,0.13804215031780734,6.52560196002014,0.40919041630863356,0.007394838333129883,0.016535361195499653,0.020247006416320802,0.02231791059180966,-0.27638375759124756,0.37935800457582697,0.336644810076313,0.13739450761857044,,,,,,,,,,,,,,,,,,,,,,,,,,,,,,,,,,
real,,,,gru,5,20641,0.2907873055046493,0.030301344141690136,,,0.40941088698187517,0.028649640198975396,0.4993935985431732,0.027683900738018335,0.49333333333333335,0.07416198487095663,3.3638794384449233,1.5584074923568834,,,,,,,0.293042320967246,0.04661257968438332,0.7249924630690383,0.14262667984559563,,,,,,,,,loo_SpoolSolder,loo,48,30,0.5066666666666667,0.07416198487095664,0.5054567160631315,0.209047571840841,0.5523820400084378,0.1941667742828958,1.598920499999076,0.09445691630585812,0.0,0.0,0.0,0.0,-0.5099556922912598,0.32941806476292573,0.17092660694520787,0.06336342862311647,,,,,,,,,,,,,,,,,,,,,,,,,,,,,,,,,,
real,,,,mamba,5,21013,0.32446379072617304,0.02214713584270261,,,0.35170634210028007,0.04337259512226492,0.5086355528248367,0.12368718736647377,0.5533333333333333,0.11389566375513258,4.500638696953898,1.8439326118727053,,,,,,,0.2593244854666773,0.030657529494878762,0.670545673801628,0.28090119651753187,,,,,,,,,loo_SpoolSolder,loo,48,30,0.44666666666666666,0.11389566375513256,0.552161889598384,0.27643428764863776,0.5774676538449295,0.27680902509418037,6.323671620001551,0.3344073273074849,0.03332433700561523,0.07451548284966746,0.03332433700561523,0.07451548284966746,-0.8867569446563721,0.8749242883191435,0.18350757148212163,0.035001089584704013,,,,,,,,,,,,,,,,,,,,,,,,,,,,,,,,,,
real,,,,gru,5,20641,0.3117151585345731,0.05702633218116526,,,0.3084571653876191,0.1206906025631363,0.36808888413444174,0.15258228777201005,0.2941176470588235,0.1586903338846926,3.120941650463029,3.6780650078832386,,,,,,,0.3281743673318148,0.096926135785522,0.372807613868117,0.2244245138311065,,,,,,,,,loo_brush,loo,48,30,0.7058823529411764,0.1586903338846926,0.22450896164760334,0.16127831990466868,0.25603001370775874,0.17372980496738422,1.5262300199945458,0.03323611464925345,0.07996416091918945,0.17880529957903968,0.07996416091918945,0.17880529957903968,-0.08340320587158204,0.3056577551316535,0.33346948941913934,0.11783187986297632,,,,,,,,,,,,,,,,,,,,,,,,,,,,,,,,,,
real,,,,mamba,5,21013,0.31061784959087224,0.05518184941975256,,,0.40435360123884445,0.038288178437527104,0.6151699765962377,0.05069658881911839,0.7294117647058824,0.11297929639912108,8.426542456250179,2.16506540387757,,,,,,,0.29742560074785984,0.021428565678946278,0.6460910944935417,0.13599982476683137,,,,,,,,,loo_brush,loo,48,30,0.27058823529411763,0.11297929639912105,0.4125177269004309,0.08319025090719011,0.4621582688540011,0.09144893781458717,6.676467799989041,0.1700280937779714,0.0266904354095459,0.04351506541699012,0.023342013359069824,0.04348272561242429,-0.10989763736724853,0.2294880701531554,0.29329773130929393,0.08611291982278198,,,,,,,,,,,,,,,,,,,,,,,,,,,,,,,,,,
real,,,,gru,5,20641,0.5087377071148138,0.04495514944395825,,,0.5658145689766337,0.011238335747975937,0.43853414118058814,0.06045578433828972,0.3100775193798449,0.025710269692677517,1.7266271312988877,1.8746274171926955,,,,,,,0.4228475035675171,0.01105180285470902,0.8564585787200629,0.04018865914733249,,,,,,,,,loo_screwDriver,loo,48,30,0.6899224806201549,0.025710269692677524,0.5769423378103646,0.042314163596919065,0.6692336244693515,0.03989513827483479,1.5538194600027055,0.05145001827012145,0.0,0.0,0.0,0.0,-0.46687817573547363,0.19294268572854922,0.20416512791999947,0.030871756018728467,,,,,,,,,,,,,,,,,,,,,,,,,,,,,,,,,,
real,,,,mamba,5,21013,0.4463140106924112,0.029764873155110276,,,0.5496329739010195,0.010856124704593297,0.42002803943230893,0.08188468167345678,0.31162790697674414,0.10068570863017469,2.169950313659413,1.279586528489483,,,,,,,0.40865659247260017,0.039484768861951645,0.8793089909697684,0.15797438253265003,,,,,,,,,loo_screwDriver,loo,48,30,0.6883720930232557,0.10068570863017472,0.6472549485546575,0.18379718222492572,0.7238790356226911,0.1751374235724952,6.364486999984365,0.2845499497884189,0.0699293851852417,0.15636685889896715,0.0699293851852417,0.15636685889896715,-0.43040854930877687,0.4407168361125296,0.17845549822192586,0.010030565105392299,,,,,,,,,,,,,,,,,,,,,,,,,,,,,,,,,,
retention,,,,gru,5,19169,1.0,0.0,1.0,5.551115123125783e-17,0.999731401187651,0.00019457913975091473,,,,,,,,,,,,,1.0,0.0,0.9994630071599045,0.0003889738905252077,0.3895560709778792,0.01747910029547185,0.5066961392034957,0.0047323390135833,,,0.49330386079650435,0.004732339013583262,,,,,,,,,,,8.996975779987405,0.0747803261019102,,,,,,,,,direct,0.003,4.603166372036303e-05,6.172915714913182e-05,1640.0,304.9590136395381,1.0,1.5700924586837752e-16,1.0,5.551115123125783e-17,1.0,0.0,1.0,0.0,15626.0,610.0340154450406,30618.8,374.1680103910541,"{'lower': 1.0, 'upper': 1.0, 'undefined_draws': 0, 'confidence': 0.95}","{'lower': 1.0, 'upper': 1.0, 'undefined_draws': 0, 'confidence': 0.95}","{'lower': 0.37085125667556085, 'upper': 0.4115421417758846, 'undefined_draws': 0, 'confidence': 0.95}","{'lower': 0.49160438922503363, 'upper': 0.5234292888169335, 'undefined_draws': 0, 'confidence': 0.95}","{'lower': 0.47657071118306654, 'upper': 0.5083956107749664, 'undefined_draws': 0, 'confidence': 0.95}",5,True,,,,,,,,,
retention,,,,gru,5,19169,1.0,9.614813431917819e-17,1.0,7.850462293418876e-17,0.9997312139877096,0.0005216412286376074,,,,,,,,,,,,,1.0,0.0,0.9994630071599045,0.0010420196418003196,0.38910175947589176,0.007531487953620248,0.5081807408739905,0.0040851357442368876,,,0.49181925912600943,0.004085135744236841,,,,,,,,,,,9.37533473998774,0.12411798086446267,,,,,,,,,curriculum,0.003,6.026201762294946e-06,1.3304049209585845e-05,1980.0,268.32815729997475,1.0000000000000002,1.9229626863835638e-16,1.0,0.0,1.0,0.0,1.0,1.5700924586837752e-16,15626.0,610.0340154450406,30618.8,374.1680103910541,"{'lower': 1.0, 'upper': 1.0, 'undefined_draws': 0, 'confidence': 0.95}","{'lower': 1.0, 'upper': 1.0, 'undefined_draws': 0, 'confidence': 0.95}","{'lower': 0.3736962173222491, 'upper': 0.40596381563524686, 'undefined_draws': 0, 'confidence': 0.95}","{'lower': 0.49326566113222536, 'upper': 0.5245049185747214, 'undefined_draws': 0, 'confidence': 0.95}","{'lower': 0.4754950814252786, 'upper': 0.5067343388677745, 'undefined_draws': 0, 'confidence': 0.95}",5,True,,,,,,,,,
retention,,,,mamba,5,19449,0.7076081905164758,0.2670430463573905,0.7076085888759216,0.26704341272245186,0.8047036368315397,0.17787858467453077,,,,,,,,,,,,,0.7063066106484608,0.26769596440907223,0.9961813842482099,0.007372417987198881,0.5121125467136229,0.008163426560925259,0.5122135247109557,0.008147877197726361,,,0.19539506416496596,0.2679776712440139,,,,,,,,,,,61.55249761999585,0.19852777073016983,,,,,,,,,direct,0.003,0.0837547395084631,0.0764577603582831,740.0,650.384501660364,0.7181869750474922,0.25738706912811987,0.7181872038125651,0.25738686472997246,0.7033552908780291,0.2708282502430686,0.705535411702227,0.26886246959266574,15626.0,610.0340154450406,30618.8,374.1680103910541,"{'lower': 0.5080020694444918, 'upper': 0.9047270248948198, 'undefined_draws': 0, 'confidence': 0.95}","{'lower': 0.5080022300592372, 'upper': 0.9047270266042479, 'undefined_draws': 0, 'confidence': 0.95}","{'lower': 0.4972940533684197, 'upper': 0.5290867503869606, 'undefined_draws': 0, 'confidence': 0.95}","{'lower': 0.49742207597429433, 'upper': 0.5291271542232219, 'undefined_draws': 0, 'confidence': 0.95}","{'lower': -0.0004005043846773109, 'upper': 0.3957967755654015, 'undefined_draws': 0, 'confidence': 0.95}",2,False,,,,,,,,,
retention,,,,mamba,5,19449,0.9004247164944548,0.22265710279721246,0.9004247164944548,0.22265710279721254,0.9347740729758881,0.14568285462915553,,,,,,,,,,,,,0.9020595165428151,0.2188348954231504,0.9983293556085918,0.003571240394187458,0.4883849267283809,0.02280041266542103,0.5049653709993185,0.004465421017104772,,,0.3954593454951363,0.2210443963143972,,,,,,,,,,,61.3384681600146,0.0888047533355563,,,,,,,,,curriculum,0.003,0.02506387824951257,0.05585142797278557,1700.0,514.78150704935,0.8977365344598294,0.22866806056252859,0.8977365344598294,0.22866806056252864,0.8971912427572241,0.22988736987712097,0.8971912427572241,0.229887369877121,15626.0,610.0340154450406,30618.8,374.1680103910541,"{'lower': 0.7005069644245222, 'upper': 1.0, 'undefined_draws': 0, 'confidence': 0.95}","{'lower': 0.7005069644245222, 'upper': 1.0, 'undefined_draws': 0, 'confidence': 0.95}","{'lower': 0.4657973766148087, 'upper': 0.511086453276517, 'undefined_draws': 0, 'confidence': 0.95}","{'lower': 0.4907485211537509, 'upper': 0.5209164854124732, 'undefined_draws': 0, 'confidence': 0.95}","{'lower': 0.19643431922319168, 'upper': 0.5049288955340984, 'undefined_draws': 0, 'confidence': 0.95}",4,False,,,,,,,,,
optimization_locality,0.01,2,4096,gru,10,,0.7987848177054752,0.22117538061022365,0.8003487080381293,0.219260946253569,,,,,,,,,,,,,,,,,,,0.4978307008838464,0.011697947124868886,0.5009581523587263,0.012485277263181825,,,,,,,,,,,,,,,,,,,,,,,,,,,,,,,,,,,,,,,,,,,,,,,,,,uniform,0.6680266305428814,0.9268238883283944,0.6695787478818167,0.9271121914149649,0.4671267794249242,0.5312363221521146,0.47019736781067706,0.534564316834305
optimization_locality,0.01,2,4096,gru,10,,0.9998214172260115,0.00022787616237271378,0.9998214172260115,0.00022787616237271378,,,,,,,,,,,,,,,,,,,0.4234753502291701,0.03923006206050387,0.4924369732319181,0.007769349629974528,,,,,,,,,,,,,,,,,,,,,,,,,,,,,,,,,,,,,,,,,,,,,,,,,,balanced,0.9994728939421679,0.9999747976445361,0.9994728939421679,0.9999747976445361,0.3831818822863714,0.46628367468603604,0.4606894547554691,0.5294176533689492
optimization_locality,0.01,2,4096,gru_conv1,10,,0.601658122458889,0.16513447768073616,0.6035570285275699,0.16389897229486391,,,,,,,,,,,,,,,,,,,0.4929096467063735,0.037853364980990914,0.503469480806535,0.014745497737881691,,,,,,,,,,,,,,,,,,,,,,,,,,,,,,,,,,,,,,,,,,,,,,,,,,uniform,0.5157604049743326,0.71302513061265,0.5183729732659058,0.714194832311852,0.4566144903872988,0.5295688956818125,0.47483463357818106,0.5357173076191755
optimization_locality,0.01,2,4096,gru_conv1,10,,0.9997005536147572,0.0006184341374199481,0.9997176376973794,0.0005765936569000229,,,,,,,,,,,,,,,,,,,0.404328778830671,0.040347784740031756,0.49256766635276145,0.008163098783322508,,,,,,,,,,,,,,,,,,,,,,,,,,,,,,,,,,,,,,,,,,,,,,,,,,balanced,0.9991285175289817,0.9999763136043859,0.9991752051540678,0.9999763136043859,0.36579217093065175,0.44775885593456904,0.4602646540420331,0.52955879866692
optimization_locality,0.01,2,4096,gru_conv4,10,,0.9791274149818212,0.04099437859596332,0.9825890799021426,0.03459315579549658,,,,,,,,,,,,,,,,,,,0.4167626898241341,0.03489167993020393,0.4917719993172159,0.006855549382190191,,,,,,,,,,,,,,,,,,,,,,,,,,,,,,,,,,,,,,,,,,,,,,,,,,uniform,0.9521008214430432,0.9986942236276386,0.9593444999091174,0.998705728720178,0.3803316765914603,0.4571554013464125,0.46065622918357313,0.5278895179057814
optimization_locality,0.01,2,4096,gru_conv4,10,,0.9998697393311659,0.00025988814223104823,0.9998780455155888,0.00023616059271263154,,,,,,,,,,,,,,,,,,,0.41427206452909004,0.02953124979451761,0.49036703748685406,0.01000611441746211,,,,,,,,,,,,,,,,,,,,,,,,,,,,,,,,,,,,,,,,,,,,,,,,,,balanced,0.9996222418228615,0.999989003608019,0.9996601810774202,0.9999891151086999,0.37956987832389255,0.45364625772274936,0.45872687605020096,0.5265282463278572
optimization_locality,0.01,2,4096,mamba_conv4,10,,0.9104628666873884,0.09443474396754777,0.9239121275827111,0.09268651207085354,,,,,,,,,,,,,,,,,,,0.39582889462731136,0.07018733276522085,0.48933415440823935,0.013646268415574788,,,,,,,,,,,,,,,,,,,,,,,,,,,,,,,,,,,,,,,,,,,,,,,,,,uniform,0.8476488628603265,0.9601631695674603,0.8597362304229236,0.9698103935771961,0.34497801069052897,0.4481451932571778,0.4587511576579425,0.5251677868554213
optimization_locality,0.01,2,4096,mamba_conv4,10,,0.8990125060238526,0.16748558585379597,0.9024644795097757,0.1682293603369112,,,,,,,,,,,,,,,,,,,0.42815643880075116,0.07140238020264932,0.4949554464585547,0.007181380647264777,,,,,,,,,,,,,,,,,,,,,,,,,,,,,,,,,,,,,,,,,,,,,,,,,,balanced,0.7844097870094636,0.9809839852247298,0.7879580496633747,0.9842738661520827,0.3774263341162738,0.48016815328478296,0.46472472521408353,0.5295535292635601
optimization_locality,0.01,2,4096,mamba_conv1,10,,0.501455621094968,0.03064040225175689,0.5121262173420698,0.014732113325269287,,,,,,,,,,,,,,,,,,,0.495407731508148,0.025907736749838227,0.5062584081159921,0.010081941562332811,,,,,,,,,,,,,,,,,,,,,,,,,,,,,,,,,,,,,,,,,,,,,,,,,,uniform,0.46869815737541665,0.5370069502323105,0.48339333450724714,0.5454563331059434,0.46407476762997596,0.5302827137162498,0.47821969308759393,0.538810290045436
optimization_locality,0.01,2,4096,mamba_conv1,10,,0.565174713955324,0.09127974573732926,0.5691209181915476,0.09705397423355237,,,,,,,,,,,,,,,,,,,0.49762427988073554,0.021321022136574233,0.5029129932331642,0.013991196577829735,,,,,,,,,,,,,,,,,,,,,,,,,,,,,,,,,,,,,,,,,,,,,,,,,,balanced,0.5107958483748055,0.6315680663353773,0.5126489780407452,0.6393453472261358,0.4685394088995965,0.5315171671160885,0.4743240712033983,0.5357195326646037
